Values,Timestamp,MA_1000,MA_5000,MA_5,diff1,diff2
99,2024-06-26 09:36:30,,,99.8,-1.0,-1.0
98,2024-06-26 09:42:33,,,98.8,-1.0,-1.0
97,2024-06-26 09:57:38,,,97.8,-1.0,-1.0
97,2024-06-26 09:58:47,,,97.8,-1.0,-1.0
96,2024-06-26 10:11:06,,,96.8,-1.0,-1.0
95,2024-06-26 10:33:38,,,95.8,-1.0,-1.0
94,2024-06-26 10:41:38,,,94.8,-1.0,-1.0
93,2024-06-26 10:54:01,,,93.8,-1.0,-1.0
92,2024-06-26 10:58:56,,,92.8,-1.0,-1.0
92,2024-06-26 10:59:29,,,92.6,-1.0,-1.0
91,2024-06-26 11:04:10,,,91.8,-1.0,-1.0
90,2024-06-26 11:08:35,,,90.8,-1.0,-1.0
89,2024-06-26 11:23:57,,,89.8,-1.0,-1.0
88,2024-06-26 11:30:51,,,88.8,-1.0,-1.0
87,2024-06-26 11:34:25,,,87.8,-1.0,-1.0
86,2024-06-26 11:37:10,,,86.8,-1.0,-1.0
85,2024-06-26 11:39:55,,,85.8,-1.0,-1.0
84,2024-06-26 11:41:51,,,84.8,-1.0,-1.0
83,2024-06-26 11:47:37,,,83.8,-1.0,-1.0
82,2024-06-26 11:49:32,,,82.8,-1.0,-1.0
82,2024-06-26 11:50:06,,,82.6,-1.0,-2.0
81,2024-06-26 11:54:12,,,81.8,-1.0,-1.0
80,2024-06-26 11:56:25,,,80.8,-1.0,-1.0
79,2024-06-26 11:59:42,,,79.8,-1.0,-1.0
78,2024-06-26 12:01:06,,,78.8,-1.0,-1.0
78,2024-06-26 12:01:39,,,78.6,-1.0,-2.0
77,2024-06-26 12:05:12,,,77.8,-1.0,-1.0
75,2024-06-26 12:12:23,,,76.6,-2.0,-2.0
74,2024-06-26 12:13:45,,,74.8,-1.0,-1.0
73,2024-06-26 12:17:37,,,73.8,-1.0,-1.0
72,2024-06-26 12:20:05,,,72.8,-1.0,-1.0
71,2024-06-26 12:23:23,,,71.8,-1.0,-1.0
70,2024-06-26 12:25:35,,,70.8,-1.0,-1.0
69,2024-06-26 12:28:35,,,69.8,-1.0,-1.0
68,2024-06-26 12:31:38,,,68.8,-1.0,-1.0
67,2024-06-26 12:34:23,,,67.8,-1.0,-1.0
66,2024-06-26 12:37:57,,,66.8,-1.0,-1.0
65,2024-06-26 12:41:48,,,65.8,-1.0,-1.0
64,2024-06-26 12:46:12,,,64.8,-1.0,-1.0
63,2024-06-26 12:50:02,,,63.8,-1.0,-1.0
62,2024-06-26 12:51:41,,,62.8,-1.0,-1.0
61,2024-06-26 12:54:44,,,61.8,-1.0,-1.0
61,2024-06-26 12:56:06,,,61.2,-1.0,-2.0
60,2024-06-26 13:00:29,,,60.8,-1.0,-1.0
59,2024-06-26 13:04:03,,,59.8,-1.0,-1.0
58,2024-06-26 13:05:59,,,58.8,-1.0,-1.0
58,2024-06-26 13:07:55,,,58.8,-1.0,-1.0
57,2024-06-26 13:12:03,,,57.8,-1.0,-1.0
56,2024-06-26 13:13:59,,,56.8,-1.0,-1.0
55,2024-06-26 13:17:33,,,55.8,-1.0,-1.0
54,2024-06-26 13:19:44,,,54.8,-1.0,-1.0
53,2024-06-26 13:24:26,,,53.8,-1.0,-1.0
52,2024-06-26 13:27:11,,,52.8,-1.0,-1.0
51,2024-06-26 13:35:26,,,51.8,-1.0,-1.0
50,2024-06-26 13:37:20,,,50.8,-1.0,-1.0
49,2024-06-26 13:40:23,,,49.8,-1.0,-1.0
48,2024-06-26 13:42:50,,,48.8,-1.0,-1.0
47,2024-06-26 13:46:26,,,47.8,-1.0,-1.0
46,2024-06-26 13:48:20,80.228,,46.8,-1.0,-1.0
45,2024-06-26 13:51:23,79.633,,45.8,-1.0,-1.0
44,2024-06-26 13:54:06,79.082,,44.8,-1.0,-1.0
43,2024-06-26 13:57:26,78.355,,43.8,-1.0,-1.0
42,2024-06-26 13:59:36,77.962,,42.8,-1.0,-1.0
41,2024-06-26 14:04:35,76.882,,41.8,-1.0,-1.0
89,2024-06-26 15:24:59,76.467,,89.8,-1.0,-1.0
88,2024-06-26 15:29:57,76.448,,89.2,-1.0,-1.0
87,2024-06-26 15:30:29,76.427,,88.2,-1.0,-1.0
86,2024-06-26 15:33:31,76.294,,86.8,-1.0,-1.0
85,2024-06-26 15:37:03,76.125,,85.8,-1.0,-1.0
84,2024-06-26 15:39:00,76.02,,84.8,-1.0,-1.0
83,2024-06-26 15:44:30,75.726,,83.8,-1.0,-1.0
82,2024-06-26 15:46:25,75.613,,82.8,-1.0,-1.0
81,2024-06-26 15:50:16,75.402,,81.8,-1.0,-1.0
80,2024-06-26 15:53:00,75.225,,80.8,-1.0,-1.0
80,2024-06-26 15:54:05,75.161,,80.4,-1.0,-1.0
79,2024-06-26 15:57:07,74.968,,79.8,-1.0,-1.0
78,2024-06-26 15:59:21,74.814,,78.8,-1.0,-1.0
77,2024-06-26 16:04:17,74.687,,77.8,-1.0,-1.0
76,2024-06-26 16:05:38,74.591,,76.8,-1.0,-1.0
75,2024-06-26 16:08:39,74.47,,75.8,-1.0,-1.0
74,2024-06-26 16:10:37,74.322,,74.8,-1.0,-1.0
73,2024-06-26 16:13:37,74.057,,73.8,-1.0,-1.0
72,2024-06-26 16:17:44,73.872,,72.8,-1.0,-1.0
71,2024-06-26 16:20:31,73.631,,71.8,-1.0,-1.0
70,2024-06-26 16:22:43,73.405,,70.8,-1.0,-1.0
69,2024-06-26 16:29:01,73.154,,69.8,-1.0,-1.0
68,2024-06-26 16:30:39,72.997,,68.8,-1.0,-1.0
67,2024-06-26 16:33:58,72.915,,68.0,-1.0,-1.0
66,2024-06-26 16:37:49,72.497,,66.8,-1.0,-1.0
65,2024-06-26 16:43:36,72.356,,65.8,-1.0,-1.0
64,2024-06-26 16:44:08,72.297,,65.2,-1.0,-1.0
63,2024-06-26 16:49:06,71.756,,63.8,-1.0,-1.0
62,2024-06-26 16:51:50,71.445,,62.8,-1.0,-1.0
61,2024-06-26 16:56:15,70.936,,61.8,-1.0,-1.0
60,2024-06-26 16:59:32,70.647,,60.8,-1.0,-1.0
59,2024-06-26 17:03:08,70.481,,59.8,-1.0,-1.0
57,2024-06-26 17:09:25,69.9,,57.8,-1.0,-1.0
56,2024-06-26 17:12:43,69.589,,56.8,-1.0,-1.0
55,2024-06-26 17:17:57,68.861,,55.8,-1.0,-1.0
53,2024-06-26 17:23:27,68.572,,53.8,-1.0,-1.0
52,2024-06-26 17:26:12,68.238,,52.8,-1.0,-1.0
51,2024-06-26 17:32:16,67.401,,51.8,-1.0,-1.0
50,2024-06-26 17:33:22,67.322,,51.2,-1.0,-1.0
49,2024-06-26 17:37:30,66.648,,49.8,-1.0,-1.0
48,2024-06-26 17:39:57,66.287,,48.8,-1.0,-1.0
47,2024-06-26 17:43:34,65.675,,47.8,-1.0,-1.0
46,2024-06-26 17:49:03,64.904,,46.8,-1.0,-1.0
45,2024-06-26 17:56:44,63.771,,45.8,-1.0,-1.0
44,2024-06-26 18:00:52,63.113,,44.8,-1.0,-1.0
43,2024-06-26 18:08:01,62.501,,43.8,-1.0,-1.0
42,2024-06-26 18:14:03,61.595,,42.8,-1.0,-1.0
42,2024-06-26 18:15:10,61.412,,42.8,-1.0,-1.0
41,2024-06-26 18:25:03,60.14,,41.8,-1.0,-1.0
40,2024-06-26 18:31:24,59.299,,40.8,-1.0,-1.0
39,2024-06-26 18:48:27,57.394,,39.8,-1.0,-1.0
38,2024-06-26 19:02:45,56.044,,38.8,-1.0,-1.0
37,2024-06-26 19:24:28,54.307,,37.8,-1.0,-1.0
36,2024-06-26 19:34:55,53.558,,36.8,-1.0,-1.0
35,2024-06-26 20:05:45,52.266,,35.8,-1.0,-1.0
34,2024-06-26 20:12:36,51.913,,34.8,-1.0,-1.0
33,2024-06-26 20:34:03,50.815,,33.8,-1.0,-1.0
32,2024-06-26 20:49:11,47.614,,32.8,-1.0,-1.0
99,2024-06-26 22:39:47,47.993,,99.8,-1.0,-1.0
98,2024-06-26 22:42:15,48.204,,98.8,-1.0,-1.0
97,2024-06-26 22:45:32,48.889,,97.8,-1.0,-1.0
96,2024-06-26 22:53:32,50.532,,96.8,-1.0,-1.0
95,2024-06-26 23:00:08,51.915,,95.8,-1.0,-1.0
94,2024-06-26 23:07:00,52.974,,94.8,-1.0,-1.0
93,2024-06-26 23:16:21,54.658,,93.8,-1.0,-1.0
92,2024-06-26 23:27:19,56.136,,92.8,-1.0,-1.0
91,2024-06-26 23:35:18,57.695,,91.8,-1.0,-1.0
90,2024-06-26 23:44:09,58.306,,90.8,-1.0,-1.0
89,2024-06-26 23:54:18,59.223,,89.8,-1.0,-1.0
88,2024-06-27 00:00:52,60.522,,88.8,-1.0,-1.0
87,2024-06-27 00:11:52,61.663,,87.8,-1.0,-1.0
86,2024-06-27 00:16:50,62.054,,86.8,-1.0,-1.0
85,2024-06-27 00:30:02,64.597,,85.8,-1.0,-1.0
84,2024-06-27 00:33:20,65.218,,84.8,-1.0,-1.0
84,2024-06-27 00:34:11,65.313,,84.6,-1.0,-2.0
83,2024-06-27 00:37:10,65.876,,83.8,-1.0,-1.0
82,2024-06-27 00:39:55,66.381,,82.8,-1.0,-1.0
81,2024-06-27 00:44:37,66.47,,82.2,-1.0,-1.0
80,2024-06-27 00:47:05,66.918,,80.8,-1.0,-1.0
79,2024-06-27 00:52:04,67.269,,79.8,-1.0,-1.0
78,2024-06-27 00:56:26,67.612,,78.8,-1.0,-1.0
77,2024-06-27 00:59:43,68.157,,77.8,-1.0,-1.0
76,2024-06-27 01:07:28,69.427,,76.8,-1.0,-1.0
75,2024-06-27 01:13:28,69.866,,75.8,-1.0,-1.0
74,2024-06-27 01:16:29,70.065,,74.8,-1.0,-1.0
73,2024-06-27 01:20:05,70.649,,73.8,-1.0,-1.0
72,2024-06-27 01:22:33,71.031,,72.8,-1.0,-1.0
71,2024-06-27 01:27:47,71.79,,71.8,-1.0,-1.0
68,2024-06-27 01:39:37,71.972,,70.4,-3.0,-3.0
66,2024-06-27 01:44:15,72.106,,67.6,-2.0,-2.0
65,2024-06-27 01:52:47,72.425,,65.8,-1.0,-1.0
64,2024-06-27 01:55:01,72.672,,64.8,-1.0,-1.0
63,2024-06-27 02:00:30,73.211,,63.8,-1.0,-1.0
62,2024-06-27 02:02:59,73.326,,62.8,-1.0,-1.0
61,2024-06-27 02:06:49,73.437,,61.8,-1.0,-1.0
59,2024-06-27 02:17:49,73.571,,59.8,-1.0,-1.0
58,2024-06-27 02:18:56,73.7,,58.8,-1.0,-1.0
57,2024-06-27 02:22:16,73.799,,57.8,-1.0,-1.0
56,2024-06-27 02:24:59,74.062,,56.8,-1.0,-1.0
84,2024-06-27 03:18:23,75.054,,84.8,-1.0,-1.0
83,2024-06-27 03:25:16,75.924,,83.8,-1.0,-1.0
81,2024-06-27 03:32:56,75.973,,83.2,-2.0,-1.0
80,2024-06-27 03:35:09,76.364,,80.8,-1.0,-1.0
79,2024-06-27 03:41:45,76.987,,79.8,-1.0,-1.0
78,2024-06-27 03:48:04,77.691,,78.8,-1.0,-1.0
77,2024-06-27 03:51:39,78.288,,77.8,-1.0,-1.0
76,2024-06-27 03:54:23,78.557,,76.8,-1.0,-1.0
76,2024-06-27 03:54:56,78.646,,76.6,-1.0,-2.0
74,2024-06-27 04:09:31,78.864,,75.6,-2.0,-2.0
73,2024-06-27 04:10:52,79.072,,73.8,-1.0,-1.0
72,2024-06-27 04:16:38,79.93,,72.8,-1.0,-1.0
71,2024-06-27 04:20:47,80.431,,71.8,-1.0,-1.0
70,2024-06-27 04:24:22,80.802,,70.8,-1.0,-1.0
70,2024-06-27 04:25:28,80.922,,70.6,-1.0,-1.0
69,2024-06-27 04:30:23,81.274,,69.8,-1.0,-1.0
68,2024-06-27 04:33:10,81.404,,68.8,-1.0,-1.0
67,2024-06-27 04:38:06,81.592,,67.8,-1.0,-1.0
66,2024-06-27 04:41:25,81.695,,66.8,-1.0,-1.0
65,2024-06-27 04:45:30,81.749,,65.8,-1.0,-1.0
64,2024-06-27 04:49:24,81.725,,64.8,-1.0,-1.0
63,2024-06-27 04:55:10,81.57,,63.8,-1.0,-1.0
62,2024-06-27 04:57:55,81.437,,62.8,-1.0,-1.0
61,2024-06-27 05:04:30,80.991,,61.8,-1.0,-1.0
61,2024-06-27 05:05:02,80.954,,61.6,-1.0,-2.0
60,2024-06-27 05:07:31,80.781,,60.8,-1.0,-1.0
59,2024-06-27 05:11:40,80.418,,59.8,-1.0,-1.0
59,2024-06-27 05:12:46,80.313,,59.6,-1.0,-1.0
58,2024-06-27 05:15:30,79.98,,58.8,-1.0,-1.0
57,2024-06-27 05:19:54,79.365,,57.8,-1.0,-1.0
56,2024-06-27 05:22:56,78.848,,56.8,-1.0,-1.0
55,2024-06-27 05:27:54,78.055,,55.8,-1.0,-1.0
54,2024-06-27 05:31:11,77.469,,54.8,-1.0,-1.0
53,2024-06-27 05:35:18,77.284,,53.8,-1.0,-1.0
52,2024-06-27 05:40:16,77.095,,52.8,-1.0,-1.0
51,2024-06-27 05:43:15,76.572,,51.8,-1.0,-1.0
50,2024-06-27 05:49:03,75.455,,50.8,-1.0,-1.0
49,2024-06-27 05:55:05,74.423,,49.8,-1.0,-1.0
48,2024-06-27 05:58:08,73.858,,48.8,-1.0,-1.0
47,2024-06-27 06:03:38,72.859,,47.8,-1.0,-1.0
46,2024-06-27 06:06:24,72.378,,46.8,-1.0,-1.0
45,2024-06-27 06:10:15,71.657,,45.8,-1.0,-1.0
44,2024-06-27 06:12:59,71.117,,44.8,-1.0,-1.0
43,2024-06-27 06:18:30,70.032,,43.8,-1.0,-1.0
42,2024-06-27 06:20:42,69.681,,42.8,-1.0,-1.0
42,2024-06-27 06:21:14,69.58,,42.6,-1.0,-2.0
41,2024-06-27 06:28:23,68.176,,41.8,-1.0,-1.0
40,2024-06-27 06:33:35,67.173,,40.8,-1.0,-1.0
40,2024-06-27 06:34:26,66.975,,40.4,-1.0,-1.0
39,2024-06-27 06:48:11,64.334,,39.8,-1.0,-1.0
38,2024-06-27 06:54:47,63.091,,38.8,-1.0,-1.0
38,2024-06-27 06:55:19,62.996,,38.6,-1.0,-2.0
99,2024-06-27 14:12:31,61.753,,99.8,-1.0,-1.0
98,2024-06-27 14:17:28,62.014,,98.8,-1.0,-1.0
97,2024-06-27 14:23:45,62.401,,97.8,-1.0,-1.0
96,2024-06-27 14:35:03,63.288,,96.8,-1.0,-1.0
95,2024-06-27 14:55:56,65.052,,95.8,-1.0,-1.0
94,2024-06-27 15:08:33,66.58,,94.8,-1.0,-1.0
93,2024-06-27 15:19:17,67.719,,93.8,-1.0,-1.0
92,2024-06-27 15:25:52,67.994,,92.8,-1.0,-1.0
92,2024-06-27 15:26:43,68.031,,92.4,-1.0,-2.0
91,2024-06-27 15:33:02,68.321,,91.8,-1.0,-1.0
90,2024-06-27 15:37:43,68.573,,90.8,-1.0,-1.0
89,2024-06-27 15:43:13,68.919,,89.8,-1.0,-1.0
88,2024-06-27 15:45:57,69.094,,88.8,-1.0,-1.0
87,2024-06-27 15:49:49,69.331,,87.8,-1.0,-1.0
86,2024-06-27 15:52:33,69.503,,86.8,-1.0,-1.0
86,2024-06-27 15:53:05,69.534,,86.6,-1.0,-2.0
85,2024-06-27 16:07:07,69.766,,85.8,-1.0,-1.0
84,2024-06-27 16:10:08,69.946,,84.8,-1.0,-1.0
83,2024-06-27 16:16:45,70.341,,83.8,-1.0,-1.0
68,2024-06-27 17:15:03,70.454,,80.0,-15.0,-15.0
67,2024-06-27 17:17:13,70.467,,67.8,-1.0,-1.0
66,2024-06-27 17:20:33,70.484,,66.8,-1.0,-1.0
65,2024-06-27 17:24:24,70.501,,65.8,-1.0,-1.0
64,2024-06-27 17:27:42,70.513,,64.8,-1.0,-1.0
63,2024-06-27 17:31:15,70.52,,63.8,-1.0,-1.0
62,2024-06-27 17:33:43,70.526,,62.8,-1.0,-1.0
61,2024-06-27 17:37:52,70.525,,61.8,-1.0,-1.0
60,2024-06-27 17:40:38,70.521,,60.8,-1.0,-1.0
59,2024-06-27 17:44:12,70.518,,59.8,-1.0,-1.0
58,2024-06-27 17:46:07,70.51,,58.8,-1.0,-1.0
57,2024-06-27 17:49:25,70.498,,57.8,-1.0,-1.0
56,2024-06-27 17:52:10,70.486,,56.8,-1.0,-1.0
55,2024-06-27 17:56:01,70.466,,55.8,-1.0,-1.0
54,2024-06-27 18:02:53,70.445,,54.8,-1.0,-1.0
53,2024-06-27 18:06:29,70.446,,53.8,-1.0,-1.0
52,2024-06-27 18:08:24,70.45,,52.8,-1.0,-1.0
51,2024-06-27 18:11:42,70.457,,51.8,-1.0,-1.0
50,2024-06-27 18:13:37,70.456,,50.8,-1.0,-1.0
49,2024-06-27 18:16:55,70.45,,49.8,-1.0,-1.0
48,2024-06-27 18:18:51,70.437,,48.8,-1.0,-1.0
47,2024-06-27 18:23:15,70.41,,47.8,-1.0,-1.0
46,2024-06-27 18:26:48,70.397,,46.8,-1.0,-1.0
45,2024-06-27 18:29:17,70.365,,45.8,-1.0,-1.0
44,2024-06-27 18:32:53,70.319,,44.8,-1.0,-1.0
88,2024-06-27 19:45:35,70.884,,88.8,-1.0,-1.0
87,2024-06-27 19:49:43,71.049,,87.8,-1.0,-1.0
86,2024-06-27 19:51:05,71.294,,86.8,-1.0,-1.0
85,2024-06-27 19:55:29,71.86,,85.8,-1.0,-1.0
84,2024-06-27 19:57:40,72.183,,84.8,-1.0,-1.0
83,2024-06-27 20:05:55,73.482,,83.8,-1.0,-1.0
82,2024-06-27 20:08:57,73.973,,82.8,-1.0,-1.0
81,2024-06-27 20:12:46,74.576,,81.8,-1.0,-1.0
80,2024-06-27 20:15:31,75.015,,80.8,-1.0,-1.0
79,2024-06-27 20:20:12,75.767,,79.8,-1.0,-1.0
78,2024-06-27 20:22:57,76.195,,78.8,-1.0,-1.0
76,2024-06-27 20:32:51,76.535,,77.6,-2.0,-2.0
75,2024-06-27 20:33:24,76.606,,76.6,-1.0,-1.0
74,2024-06-27 20:35:18,76.85,,74.8,-1.0,-1.0
73,2024-06-27 20:38:38,77.325,,73.8,-1.0,-1.0
73,2024-06-27 20:39:11,77.393,,73.6,-1.0,-2.0
72,2024-06-27 20:40:50,77.63,,72.8,-1.0,-1.0
70,2024-06-27 20:47:24,77.694,,72.0,-2.0,-2.0
69,2024-06-27 20:51:47,77.972,,69.8,-1.0,-1.0
68,2024-06-27 20:54:50,78.366,,68.8,-1.0,-1.0
67,2024-06-27 20:59:47,78.515,,67.8,-1.0,-1.0
66,2024-06-27 21:05:33,78.572,,67.2,-1.0,-1.0
65,2024-06-27 21:09:25,78.767,,65.8,-1.0,-1.0
64,2024-06-27 21:11:21,78.982,,64.8,-1.0,-1.0
63,2024-06-27 21:16:50,78.685,,63.8,-1.0,-1.0
62,2024-06-27 21:20:08,78.208,,62.8,-1.0,-1.0
61,2024-06-27 21:24:48,77.583,,61.8,-1.0,-1.0
60,2024-06-27 21:27:51,77.101,,60.8,-1.0,-1.0
59,2024-06-27 21:31:58,76.503,,59.8,-1.0,-1.0
58,2024-06-27 21:36:22,76.426,,59.2,-1.0,-1.0
57,2024-06-27 21:37:28,76.269,,57.8,-1.0,-1.0
56,2024-06-27 21:38:51,76.028,,56.8,-1.0,-1.0
55,2024-06-27 21:42:25,75.453,,55.8,-1.0,-1.0
54,2024-06-27 21:47:04,75.074,,54.8,-1.0,-1.0
52,2024-06-27 21:49:49,74.686,,52.8,-1.0,-1.0
51,2024-06-27 21:52:52,74.157,,51.8,-1.0,-1.0
50,2024-06-27 21:55:22,73.706,,50.8,-1.0,-1.0
49,2024-06-27 22:01:06,73.245,,49.8,-1.0,-1.0
47,2024-06-27 22:05:14,72.428,67.9746,47.8,-1.0,-1.0
46,2024-06-27 22:06:37,72.182,67.9214,46.8,-1.0,-1.0
45,2024-06-27 22:11:01,71.382,67.7484,45.8,-1.0,-1.0
44,2024-06-27 22:16:48,70.231,67.4992,44.8,-1.0,-1.0
43,2024-06-27 22:25:35,68.455,67.1202,43.8,-1.0,-1.0
42,2024-06-27 22:27:31,68.199,67.065,42.8,-1.0,-1.0
41,2024-06-27 22:32:45,67.158,66.8408,41.8,-1.0,-1.0
40,2024-06-27 22:36:36,66.421,66.6822,40.8,-1.0,-1.0
39,2024-06-27 22:43:11,64.994,66.3742,39.8,-1.0,-1.0
38,2024-06-27 22:48:24,63.933,66.1426,38.8,-1.0,-1.0
37,2024-06-27 22:59:08,61.679,65.6436,37.8,-1.0,-1.0
36,2024-06-27 23:03:49,60.802,65.4428,36.8,-1.0,-1.0
36,2024-06-27 23:04:54,60.597,65.3954,36.6,-1.0,-1.0
35,2024-06-27 23:16:11,58.783,64.9664,35.8,-1.0,-1.0
34,2024-06-27 23:25:32,57.015,64.5384,34.8,-1.0,-1.0
33,2024-06-27 23:31:19,56.183,64.2622,33.8,-1.0,-1.0
32,2024-06-27 23:36:48,55.75,64.1048,32.8,-1.0,-1.0
31,2024-06-27 23:45:37,54.734,63.73,31.8,-1.0,-1.0
30,2024-06-27 23:56:03,53.494,63.2538,30.8,-1.0,-1.0
29,2024-06-28 00:20:32,51.195,62.2482,29.8,-1.0,-1.0
28,2024-06-28 01:05:19,44.96,60.5024,28.8,-1.0,-1.0
99,2024-06-28 07:01:49,45.43,60.7202,99.8,-1.0,-1.0
98,2024-06-28 07:50:48,47.216,61.2588,98.8,-1.0,-1.0
97,2024-06-28 09:04:49,48.193,61.4998,97.8,-1.0,-1.0
96,2024-06-28 09:08:07,48.618,61.5992,96.8,-1.0,-1.0
95,2024-06-28 09:37:30,52.728,62.542,95.8,-1.0,-1.0
94,2024-06-28 09:43:16,53.723,62.7504,94.8,-1.0,-1.0
93,2024-06-28 10:03:54,56.626,63.351,93.8,-1.0,-1.0
92,2024-06-28 10:16:48,58.673,63.6216,92.8,-1.0,-1.0
91,2024-06-28 10:37:59,61.763,63.71,91.8,-1.0,-1.0
90,2024-06-28 10:56:08,65.224,63.86,90.8,-1.0,-1.0
89,2024-06-28 11:12:20,68.433,64.0734,89.8,-1.0,-1.0
88,2024-06-28 11:30:29,70.266,64.2274,88.8,-1.0,-1.0
88,2024-06-28 11:31:03,70.373,64.2372,88.6,-1.0,-2.0
87,2024-06-28 11:44:31,72.491,64.435,87.8,-1.0,-1.0
86,2024-06-28 11:46:27,72.93,64.477,86.8,-1.0,-1.0
85,2024-06-28 11:50:01,73.685,64.5542,85.8,-1.0,-1.0
84,2024-06-28 11:59:53,75.782,64.7778,84.8,-1.0,-1.0
83,2024-06-28 12:16:24,79.282,65.2044,83.8,-1.0,-1.0
82,2024-06-28 12:18:21,79.652,65.2532,82.8,-1.0,-1.0
81,2024-06-28 12:23:50,80.795,65.4058,81.8,-1.0,-1.0
80,2024-06-28 12:29:19,81.418,65.489,80.8,-1.0,-1.0
79,2024-06-28 12:34:34,82.029,65.5704,79.8,-1.0,-1.0
78,2024-06-28 12:37:19,82.578,65.6434,78.8,-1.0,-1.0
77,2024-06-28 12:43:38,83.753,65.8036,77.8,-1.0,-1.0
76,2024-06-28 12:48:51,84.76,65.945,76.8,-1.0,-1.0
75,2024-06-28 12:52:57,85.511,66.051,75.8,-1.0,-1.0
75,2024-06-28 12:56:17,86.111,66.1372,75.4,-1.0,-1.0
74,2024-06-28 12:58:27,86.478,66.1898,74.8,-1.0,-1.0
73,2024-06-28 13:03:57,87.422,66.3256,73.8,-1.0,-1.0
72,2024-06-28 13:09:44,88.081,66.4214,72.8,-1.0,-1.0
71,2024-06-28 13:14:26,88.553,66.491,71.8,-1.0,-1.0
70,2024-06-28 13:17:10,89.015,66.559,70.8,-1.0,-1.0
69,2024-06-28 13:24:20,88.894,66.6548,69.8,-1.0,-1.0
68,2024-06-28 13:27:21,88.521,66.7242,68.8,-1.0,-1.0
67,2024-06-28 13:33:23,87.759,66.8596,67.8,-1.0,-1.0
66,2024-06-28 13:37:15,87.47,66.9098,66.8,-1.0,-1.0
65,2024-06-28 13:39:59,87.337,66.9312,65.8,-1.0,-1.0
64,2024-06-28 13:42:45,87.166,66.957,64.8,-1.0,-1.0
63,2024-06-28 13:46:20,86.675,67.0268,63.8,-1.0,-1.0
60,2024-06-28 13:56:45,86.451,67.054,61.6,-2.0,-2.0
59,2024-06-28 13:59:32,86.021,67.1006,59.8,-1.0,-1.0
58,2024-06-28 14:01:59,85.66,67.1382,58.8,-1.0,-1.0
58,2024-06-28 14:04:28,85.251,67.1784,58.2,-1.0,-2.0
57,2024-06-28 14:09:26,84.448,67.2582,57.8,-1.0,-1.0
56,2024-06-28 14:12:28,83.955,67.3036,56.8,-1.0,-1.0
56,2024-06-28 14:16:18,83.749,67.3218,56.2,-1.0,-2.0
54,2024-06-28 14:19:36,83.205,67.3658,54.8,-1.0,-1.0
53,2024-06-28 14:24:15,82.49,67.4222,53.8,-1.0,-1.0
52,2024-06-28 14:27:17,82.016,67.4572,52.8,-1.0,-1.0
51,2024-06-28 14:33:21,80.959,67.5304,51.8,-1.0,-1.0
50,2024-06-28 14:38:19,80.103,67.5872,50.8,-1.0,-1.0
49,2024-06-28 14:42:42,79.458,67.6262,49.8,-1.0,-1.0
48,2024-06-28 14:44:54,79.081,67.6468,48.8,-1.0,-1.0
47,2024-06-28 14:50:24,78.696,67.6658,47.8,-1.0,-1.0
77,2024-06-28 15:42:33,78.197,67.7566,77.8,-1.0,-1.0
76,2024-06-28 15:45:34,78.16,67.7728,77.2,-1.0,-1.0
75,2024-06-28 15:53:16,78.104,67.797,76.4,-2.0,-2.0
74,2024-06-28 15:54:21,78.023,67.8282,74.8,-1.0,-1.0
73,2024-06-28 15:58:29,77.835,67.8982,73.8,-1.0,-1.0
72,2024-06-28 16:01:29,77.582,67.9892,72.8,-1.0,-1.0
71,2024-06-28 16:06:10,77.185,68.1248,71.8,-1.0,-1.0
71,2024-06-28 16:07:48,77.051,68.17,71.8,-1.0,-1.0
70,2024-06-28 16:09:45,76.866,68.229,70.8,-1.0,-1.0
69,2024-06-28 16:15:00,76.366,68.38,69.8,-1.0,-1.0
68,2024-06-28 16:16:54,76.173,68.4358,68.8,-1.0,-1.0
67,2024-06-28 16:21:49,75.772,68.5444,67.8,-1.0,-1.0
66,2024-06-28 16:24:02,75.537,68.6046,66.8,-1.0,-1.0
65,2024-06-28 16:27:37,75.142,68.7034,65.8,-1.0,-1.0
65,2024-06-28 16:28:26,75.063,68.723,65.6,-1.0,-1.0
64,2024-06-28 16:30:22,74.846,68.774,64.8,-1.0,-1.0
63,2024-06-28 16:34:28,74.425,68.8668,63.8,-1.0,-1.0
63,2024-06-28 16:35:02,74.368,68.879,63.6,-1.0,-2.0
62,2024-06-28 16:38:51,73.932,68.9692,62.8,-1.0,-1.0
61,2024-06-28 16:44:05,73.315,69.095,61.8,-1.0,-1.0
60,2024-06-28 16:46:17,73.044,69.147,60.8,-1.0,-1.0
59,2024-06-28 16:51:32,72.392,69.2644,59.8,-1.0,-1.0
58,2024-06-28 16:54:02,72.071,69.3182,58.8,-1.0,-1.0
57,2024-06-28 16:58:06,71.546,69.3988,57.8,-1.0,-1.0
56,2024-06-28 17:00:52,71.182,69.445,56.8,-1.0,-1.0
55,2024-06-28 17:05:00,70.603,69.5008,55.8,-1.0,-1.0
54,2024-06-28 17:09:39,70.182,69.5292,54.8,-1.0,-1.0
53,2024-06-28 17:12:59,69.677,69.5504,53.8,-1.0,-1.0
53,2024-06-28 17:13:48,69.569,69.5538,53.6,-1.0,-1.0
52,2024-06-28 17:16:35,69.172,69.5602,52.8,-1.0,-1.0
50,2024-06-28 17:26:43,68.578,69.5548,51.6,-2.0,-2.0
49,2024-06-28 17:27:34,68.499,69.5522,50.6,-1.0,-1.0
48,2024-06-28 17:29:10,68.259,69.5426,48.8,-1.0,-1.0
48,2024-06-28 17:29:30,68.18,69.5388,48.6,-1.0,-2.0
47,2024-06-28 17:33:52,67.499,69.497,47.8,-1.0,-1.0
47,2024-06-28 17:34:24,67.418,69.491,47.6,-1.0,-2.0
46,2024-06-28 17:38:49,66.72,69.4302,46.8,-1.0,-1.0
45,2024-06-28 17:42:39,66.109,69.3618,45.8,-1.0,-1.0
44,2024-06-28 17:47:21,65.34,69.256,44.8,-1.0,-1.0
44,2024-06-28 17:48:10,65.219,69.2374,44.6,-1.0,-1.0
43,2024-06-28 17:56:24,64.113,69.049,43.8,-1.0,-1.0
42,2024-06-28 17:58:06,63.825,68.997,42.8,-1.0,-1.0
42,2024-06-28 17:59:09,63.658,68.9668,42.2,-1.0,-2.0
41,2024-06-28 18:03:19,62.985,68.8372,41.8,-1.0,-1.0
40,2024-06-28 18:07:25,62.296,68.6864,40.8,-1.0,-1.0
39,2024-06-28 18:15:24,60.904,68.3222,39.8,-1.0,-1.0
38,2024-06-28 18:20:37,60.004,68.0658,38.8,-1.0,-1.0
37,2024-06-28 18:29:08,58.584,67.6484,37.8,-1.0,-1.0
36,2024-06-28 18:36:34,57.402,67.2994,36.8,-1.0,-1.0
36,2024-06-28 18:37:07,57.321,67.2752,36.6,-1.0,-2.0
35,2024-06-28 18:48:07,55.642,66.7726,35.8,-1.0,-1.0
34,2024-06-28 18:56:55,54.278,66.3578,34.8,-1.0,-1.0
33,2024-06-28 19:12:37,52.013,65.6308,33.8,-1.0,-1.0
32,2024-06-28 19:21:40,50.781,65.2184,32.8,-1.0,-1.0
99,2024-06-28 22:09:03,52.499,64.7908,99.8,-1.0,-1.0
98,2024-06-28 22:16:11,53.822,64.8882,98.8,-1.0,-1.0
97,2024-06-28 22:25:48,55.602,65.0364,97.8,-1.0,-1.0
97,2024-06-28 22:26:37,55.751,65.0488,97.6,-1.0,-1.0
96,2024-06-28 22:41:27,57.31,65.3048,96.8,-1.0,-1.0
95,2024-06-28 23:01:32,59.324,65.7552,95.8,-1.0,-1.0
94,2024-06-28 23:06:43,59.907,65.9048,94.8,-1.0,-1.0
93,2024-06-28 23:15:14,60.872,66.0048,93.8,-1.0,-1.0
92,2024-06-28 23:21:01,61.579,66.0566,92.8,-1.0,-1.0
91,2024-06-28 23:26:16,62.235,66.1098,91.8,-1.0,-1.0
90,2024-06-28 23:38:38,63.863,66.2664,90.8,-1.0,-1.0
89,2024-06-28 23:43:18,64.441,66.3266,89.8,-1.0,-1.0
88,2024-06-28 23:46:51,64.919,66.3762,88.8,-1.0,-1.0
87,2024-06-28 23:51:33,65.57,66.4432,87.8,-1.0,-1.0
86,2024-06-28 23:56:14,66.193,66.5074,86.8,-1.0,-1.0
85,2024-06-29 00:02:50,67.153,66.6042,85.8,-1.0,-1.0
84,2024-06-29 00:06:56,67.792,66.6692,84.8,-1.0,-1.0
83,2024-06-29 00:13:17,68.392,66.7304,83.8,-1.0,-1.0
82,2024-06-29 00:14:55,68.651,66.7568,82.8,-1.0,-1.0
81,2024-06-29 00:20:10,69.428,66.834,81.8,-1.0,-1.0
80,2024-06-29 00:23:44,69.76,66.8676,80.8,-1.0,-1.0
79,2024-06-29 00:29:14,70.555,66.947,79.8,-1.0,-1.0
78,2024-06-29 00:34:27,71.327,67.025,78.8,-1.0,-1.0
77,2024-06-29 00:41:52,72.37,67.132,77.8,-1.0,-1.0
76,2024-06-29 00:45:10,72.813,67.1784,76.8,-1.0,-1.0
75,2024-06-29 00:50:23,73.505,67.2528,75.8,-1.0,-1.0
74,2024-06-29 00:53:07,73.864,67.2914,74.8,-1.0,-1.0
73,2024-06-29 00:59:10,74.689,67.3846,73.8,-1.0,-1.0
72,2024-06-29 01:02:30,75.179,67.445,72.8,-1.0,-1.0
71,2024-06-29 01:07:09,75.458,67.4784,71.8,-1.0,-1.0
70,2024-06-29 01:11:01,76.001,67.544,70.8,-1.0,-1.0
69,2024-06-29 01:15:24,76.573,67.6126,69.8,-1.0,-1.0
68,2024-06-29 01:28:38,78.275,67.8318,68.8,-1.0,-1.0
67,2024-06-29 01:33:51,78.67,67.8862,67.8,-1.0,-1.0
66,2024-06-29 01:37:57,79.194,67.9592,66.8,-1.0,-1.0
65,2024-06-29 01:43:10,79.865,68.055,65.8,-1.0,-1.0
64,2024-06-29 01:45:40,80.143,68.0962,64.8,-1.0,-1.0
63,2024-06-29 01:49:31,80.622,68.1666,63.8,-1.0,-1.0
62,2024-06-29 01:52:49,80.978,68.2192,62.8,-1.0,-1.0
61,2024-06-29 01:57:12,81.412,68.2832,61.8,-1.0,-1.0
60,2024-06-29 01:59:57,81.691,68.325,60.8,-1.0,-1.0
59,2024-06-29 02:06:50,82.472,68.4368,59.8,-1.0,-1.0
58,2024-06-29 02:11:15,82.93,68.5022,58.8,-1.0,-1.0
57,2024-06-29 02:15:55,82.893,68.5704,57.8,-1.0,-1.0
52,2024-06-29 02:35:10,82.807,68.5802,56.2,-5.0,-5.0
51,2024-06-29 02:39:00,82.304,68.6218,51.8,-1.0,-1.0
50,2024-06-29 02:42:17,81.749,68.6554,50.8,-1.0,-1.0
49,2024-06-29 02:47:32,80.648,68.5344,49.8,-1.0,-1.0
48,2024-06-29 02:53:17,80.035,68.4126,48.8,-1.0,-1.0
47,2024-06-29 02:56:37,79.826,68.3716,47.8,-1.0,-1.0
46,2024-06-29 03:00:12,79.094,68.2268,46.8,-1.0,-1.0
43,2024-06-29 03:11:28,78.296,68.0702,45.4,-3.0,-3.0
42,2024-06-29 03:13:56,78.073,68.0262,42.8,-1.0,-1.0
41,2024-06-29 03:17:30,77.288,67.872,41.8,-1.0,-1.0
40,2024-06-29 03:32:04,74.184,67.2606,40.8,-1.0,-1.0
81,2024-06-29 05:25:14,65.989,65.6426,81.8,-1.0,-1.0
81,2024-06-29 05:28:00,65.966,65.638,81.6,-1.0,-2.0
80,2024-06-29 05:30:44,65.845,65.6138,80.8,-1.0,-1.0
77,2024-06-29 05:39:51,65.738,65.5932,79.4,-3.0,-3.0
76,2024-06-29 05:42:51,65.677,65.581,76.8,-1.0,-1.0
75,2024-06-29 05:44:46,65.58,65.5616,75.8,-1.0,-1.0
74,2024-06-29 05:52:30,65.28,65.5016,74.8,-1.0,-1.0
73,2024-06-29 05:54:40,65.126,65.4708,73.8,-1.0,-1.0
72,2024-06-29 05:58:16,65.017,65.4496,72.8,-1.0,-1.0
68,2024-06-29 06:07:36,64.823,65.4128,71.2,-4.0,-4.0
67,2024-06-29 06:10:52,64.546,65.3604,67.8,-1.0,-1.0
66,2024-06-29 06:12:49,64.378,65.3294,66.8,-1.0,-1.0
63,2024-06-29 06:27:24,64.183,65.2934,65.4,-3.0,-3.0
62,2024-06-29 06:30:24,63.993,65.2582,62.8,-1.0,-1.0
61,2024-06-29 06:32:36,63.856,65.2328,61.8,-1.0,-1.0
60,2024-06-29 06:35:21,63.548,65.176,60.8,-1.0,-1.0
59,2024-06-29 06:39:14,63.267,65.1238,59.8,-1.0,-1.0
58,2024-06-29 06:40:52,63.092,65.0918,58.8,-1.0,-1.0
57,2024-06-29 06:45:01,63.002,65.0754,58.0,-1.0,-1.0
56,2024-06-29 06:46:06,62.881,65.0528,56.8,-1.0,-1.0
56,2024-06-29 06:47:28,62.758,65.0302,56.2,-1.0,-2.0
54,2024-06-29 06:56:01,62.447,64.9738,55.6,-2.0,-2.0
53,2024-06-29 06:58:10,62.318,64.9496,53.8,-1.0,-1.0
52,2024-06-29 07:01:14,61.921,64.8756,52.8,-1.0,-1.0
51,2024-06-29 07:07:33,61.648,64.8348,51.8,-1.0,-1.0
50,2024-06-29 07:09:11,61.442,64.8144,50.8,-1.0,-1.0
49,2024-06-29 07:12:48,61.091,64.7802,49.8,-1.0,-1.0
48,2024-06-29 07:19:07,60.254,64.699,48.8,-1.0,-1.0
47,2024-06-29 07:23:14,59.98,64.6718,47.8,-1.0,-1.0
46,2024-06-29 07:25:09,59.734,64.6478,46.8,-1.0,-1.0
45,2024-06-29 07:33:56,58.758,64.5536,45.8,-1.0,-1.0
44,2024-06-29 07:46:21,57.165,64.4134,44.8,-1.0,-1.0
43,2024-06-29 08:02:00,55.88,64.3176,43.8,-1.0,-1.0
42,2024-06-29 08:10:31,54.993,64.252,42.8,-1.0,-1.0
41,2024-06-29 08:19:37,53.885,64.1818,41.8,-1.0,-1.0
41,2024-06-29 08:24:17,53.341,64.1576,41.8,-1.0,-1.0
41,2024-06-29 08:28:40,52.871,64.1434,41.8,-1.0,-1.0
40,2024-06-29 08:35:16,52.142,64.0354,40.8,-1.0,-1.0
39,2024-06-29 08:48:45,51.34,63.7732,39.8,-1.0,-1.0
38,2024-06-29 09:03:19,49.786,63.2548,38.8,-1.0,-1.0
38,2024-06-29 09:06:37,49.467,63.1436,38.8,-1.0,-1.0
99,2024-06-29 11:15:01,55.474,63.4388,99.8,-1.0,-1.0
98,2024-06-29 11:32:06,56.181,63.5706,98.8,-1.0,-1.0
97,2024-06-29 12:21:08,59.793,64.55,97.8,-1.0,-1.0
96,2024-06-29 12:53:20,60.955,65.1478,96.8,-1.0,-1.0
95,2024-06-29 13:01:16,61.643,65.4286,95.8,-1.0,-1.0
94,2024-06-29 13:05:09,62.118,65.604,94.8,-1.0,-1.0
93,2024-06-29 13:25:13,65.02,66.509,93.8,-1.0,-1.0
92,2024-06-29 13:30:57,66.019,66.7826,92.8,-1.0,-1.0
91,2024-06-29 13:41:10,67.615,67.215,91.8,-1.0,-1.0
91,2024-06-29 13:43:05,67.934,67.2998,91.8,-1.0,-1.0
91,2024-06-29 13:43:53,68.116,67.3482,91.4,-1.0,-1.0
90,2024-06-29 13:58:28,70.778,68.0506,90.8,-1.0,-1.0
89,2024-06-29 14:09:11,72.762,68.5664,89.8,-1.0,-1.0
88,2024-06-29 14:20:44,74.244,68.9484,88.8,-1.0,-1.0
87,2024-06-29 14:39:25,77.71,69.8332,87.8,-1.0,-1.0
86,2024-06-29 14:43:49,78.449,70.0186,86.8,-1.0,-1.0
85,2024-06-29 15:01:57,80.727,70.577,85.8,-1.0,-1.0
84,2024-06-29 15:22:52,84.254,70.5952,84.8,-1.0,-1.0
83,2024-06-29 15:34:56,86.399,70.454,83.8,-1.0,-1.0
82,2024-06-29 15:36:36,86.687,70.4314,82.8,-1.0,-1.0
81,2024-06-29 15:40:26,87.248,70.3824,81.8,-1.0,-1.0
80,2024-06-29 15:48:41,88.227,70.2756,80.8,-1.0,-1.0
79,2024-06-29 15:53:39,88.689,70.211,79.8,-1.0,-1.0
78,2024-06-29 15:56:39,88.905,70.17,78.8,-1.0,-1.0
77,2024-06-29 16:06:52,89.329,70.0258,77.8,-1.0,-1.0
76,2024-06-29 16:10:57,89.372,69.9686,76.8,-1.0,-1.0
75,2024-06-29 16:22:48,89.191,69.7842,75.8,-1.0,-1.0
74,2024-06-29 16:29:25,89.134,69.7604,74.8,-1.0,-1.0
73,2024-06-29 16:29:56,89.11,69.7522,74.2,-1.0,-1.0
72,2024-06-29 16:38:43,88.319,69.605,72.8,-1.0,-1.0
71,2024-06-29 16:43:09,87.814,69.5256,71.8,-1.0,-1.0
70,2024-06-29 16:46:27,87.436,69.4672,70.8,-1.0,-1.0
69,2024-06-29 16:54:09,86.881,69.3796,69.8,-1.0,-1.0
68,2024-06-29 16:56:04,86.648,69.341,68.8,-1.0,-1.0
67,2024-06-29 17:01:50,86.377,69.2962,67.8,-1.0,-1.0
66,2024-06-29 17:07:21,86.128,69.256,66.8,-1.0,-1.0
66,2024-06-29 17:08:27,86.033,69.2406,66.4,-1.0,-2.0
65,2024-06-29 17:13:06,85.456,69.1468,65.8,-1.0,-1.0
64,2024-06-29 17:15:19,85.158,69.098,64.8,-1.0,-1.0
64,2024-06-29 17:16:42,84.992,69.0708,64.8,-1.0,-1.0
63,2024-06-29 17:24:25,84.243,68.9486,63.8,-1.0,-1.0
62,2024-06-29 17:26:52,83.899,68.8924,62.8,-1.0,-1.0
61,2024-06-29 17:32:22,83.163,68.7704,61.8,-1.0,-1.0
60,2024-06-29 17:35:24,82.766,68.7042,60.8,-1.0,-1.0
59,2024-06-29 17:38:58,82.249,68.6172,59.8,-1.0,-1.0
58,2024-06-29 17:40:38,82.026,68.579,58.8,-1.0,-1.0
57,2024-06-29 17:45:02,81.417,68.4764,57.8,-1.0,-1.0
56,2024-06-29 17:47:31,81.074,68.4168,56.8,-1.0,-1.0
55,2024-06-29 17:51:36,80.878,68.3826,55.8,-1.0,-1.0
52,2024-06-29 18:00:58,80.601,68.333,54.4,-3.0,-3.0
51,2024-06-29 18:03:09,80.264,68.272,51.8,-1.0,-1.0
50,2024-06-29 18:07:18,79.532,68.14,50.8,-1.0,-1.0
49,2024-06-29 18:13:37,78.431,67.9448,49.8,-1.0,-1.0
48,2024-06-29 18:19:56,77.71,67.8186,48.8,-1.0,-1.0
47,2024-06-29 18:22:08,77.344,67.7544,47.8,-1.0,-1.0
46,2024-06-29 18:25:27,76.837,67.664,46.8,-1.0,-1.0
45,2024-06-29 18:33:58,75.263,67.386,45.8,-1.0,-1.0
44,2024-06-29 18:36:25,74.839,67.3138,44.8,-1.0,-1.0
43,2024-06-29 18:43:19,73.514,67.084,43.8,-1.0,-1.0
42,2024-06-29 18:51:03,72.073,66.8376,42.8,-1.0,-1.0
41,2024-06-29 18:55:24,71.243,66.6946,41.8,-1.0,-1.0
40,2024-06-29 18:57:55,70.752,66.6084,40.8,-1.0,-1.0
39,2024-06-29 19:02:01,70.651,66.5906,40.2,-1.0,-1.0
77,2024-06-29 20:03:34,70.09,66.5062,77.8,-1.0,-1.0
76,2024-06-29 20:06:01,69.974,66.497,76.8,-1.0,-1.0
75,2024-06-29 20:10:08,69.765,66.4794,75.8,-1.0,-1.0
75,2024-06-29 20:10:58,69.725,66.4762,75.6,-1.0,-1.0
74,2024-06-29 20:12:38,69.626,66.469,74.8,-1.0,-1.0
73,2024-06-29 20:16:43,69.397,66.4518,73.8,-1.0,-1.0
72,2024-06-29 20:19:44,69.231,66.4406,72.8,-1.0,-1.0
71,2024-06-29 20:23:36,69.054,66.4272,71.8,-1.0,-1.0
70,2024-06-29 20:27:27,68.815,66.4098,70.8,-1.0,-1.0
69,2024-06-29 20:30:27,68.598,66.3934,69.8,-1.0,-1.0
68,2024-06-29 20:35:42,68.222,66.3666,68.8,-1.0,-1.0
67,2024-06-29 20:39:17,67.958,66.3464,67.8,-1.0,-1.0
66,2024-06-29 20:41:43,67.767,66.3322,66.8,-1.0,-1.0
65,2024-06-29 20:46:58,67.346,66.3004,65.8,-1.0,-1.0
64,2024-06-29 20:51:04,67.01,66.2768,64.8,-1.0,-1.0
63,2024-06-29 20:54:21,66.736,66.2588,63.8,-1.0,-1.0
62,2024-06-29 20:57:06,66.493,66.2432,62.8,-1.0,-1.0
61,2024-06-29 21:04:17,65.825,66.2046,61.8,-1.0,-1.0
60,2024-06-29 21:07:17,65.536,66.188,60.8,-1.0,-1.0
59,2024-06-29 21:12:00,65.069,66.1658,59.8,-1.0,-1.0
58,2024-06-29 21:16:38,64.668,66.1514,58.8,-1.0,-1.0
57,2024-06-29 21:23:00,63.995,66.1442,57.8,-1.0,-1.0
56,2024-06-29 21:25:11,63.766,66.142,56.8,-1.0,-1.0
55,2024-06-29 21:30:57,63.231,66.1344,55.8,-1.0,-1.0
54,2024-06-29 21:33:24,62.996,66.131,54.8,-1.0,-1.0
53,2024-06-29 21:37:49,62.516,66.1266,53.8,-1.0,-1.0
52,2024-06-29 21:41:07,62.191,66.124,52.8,-1.0,-1.0
51,2024-06-29 21:46:53,61.578,66.1204,51.8,-1.0,-1.0
50,2024-06-29 21:49:56,61.226,66.1176,50.8,-1.0,-1.0
49,2024-06-29 21:54:02,61.029,66.1156,49.8,-1.0,-1.0
48,2024-06-29 21:56:47,60.71,66.111,48.8,-1.0,-1.0
47,2024-06-29 22:01:27,60.191,66.1032,47.8,-1.0,-1.0
47,2024-06-29 22:02:18,60.076,66.1018,47.2,-1.0,-2.0
46,2024-06-29 22:04:29,59.843,66.0994,46.8,-1.0,-1.0
45,2024-06-29 22:10:33,59.092,66.0086,45.8,-1.0,-1.0
44,2024-06-29 22:13:00,58.815,65.9556,44.8,-1.0,-1.0
43,2024-06-29 22:20:42,58.081,65.8118,43.8,-1.0,-1.0
42,2024-06-29 22:21:33,57.96,65.7884,42.8,-1.0,-1.0
41,2024-06-29 22:26:13,57.408,65.6822,41.8,-1.0,-1.0
40,2024-06-29 22:28:58,57.066,65.6182,40.8,-1.0,-1.0
39,2024-06-29 22:34:44,56.362,65.4836,39.8,-1.0,-1.0
38,2024-06-29 22:38:53,55.842,65.386,38.8,-1.0,-1.0
37,2024-06-29 22:44:05,55.226,65.2678,37.8,-1.0,-1.0
36,2024-06-29 22:46:51,54.906,65.2066,36.8,-1.0,-1.0
35,2024-06-29 22:55:06,53.956,65.0264,35.8,-1.0,-1.0
34,2024-06-29 23:04:44,52.901,64.8276,34.8,-1.0,-1.0
33,2024-06-29 23:19:17,51.442,64.5504,33.8,-1.0,-1.0
32,2024-06-29 23:24:47,50.984,64.4534,32.8,-1.0,-1.0
99,2024-06-30 04:32:32,55.71,65.3852,99.8,-1.0,-1.0
98,2024-06-30 04:39:58,57.252,65.7386,98.8,-1.0,-1.0
97,2024-06-30 04:46:33,57.804,66.0446,97.8,-1.0,-1.0
96,2024-06-30 04:51:45,58.243,66.2804,96.8,-1.0,-1.0
95,2024-06-30 05:00:16,59.029,66.6788,95.8,-1.0,-1.0
94,2024-06-30 05:07:10,59.72,67.0072,94.8,-1.0,-1.0
93,2024-06-30 05:28:13,60.591,67.4034,93.8,-1.0,-1.0
92,2024-06-30 05:36:28,61.453,67.7758,92.8,-1.0,-1.0
91,2024-06-30 05:46:22,62.552,68.228,91.8,-1.0,-1.0
90,2024-06-30 05:52:07,62.928,68.376,90.8,-1.0,-1.0
89,2024-06-30 06:00:23,63.881,68.7514,89.8,-1.0,-1.0
88,2024-06-30 06:06:24,64.56,69.0122,88.8,-1.0,-1.0
88,2024-06-30 06:06:41,64.619,69.0348,88.6,-1.0,-2.0
87,2024-06-30 06:16:36,65.77,69.4004,87.8,-1.0,-1.0
86,2024-06-30 06:22:55,66.486,69.4096,86.8,-1.0,-1.0
85,2024-06-30 06:27:19,66.992,69.3786,85.8,-1.0,-1.0
84,2024-06-30 06:42:26,68.793,69.217,84.8,-1.0,-1.0
83,2024-06-30 06:46:50,69.415,69.1644,83.8,-1.0,-1.0
82,2024-06-30 06:49:18,69.729,69.1372,82.8,-1.0,-1.0
81,2024-06-30 06:53:41,70.278,69.0858,81.8,-1.0,-1.0
80,2024-06-30 06:58:39,70.797,69.0364,80.8,-1.0,-1.0
79,2024-06-30 07:05:32,71.693,68.9478,79.8,-1.0,-1.0
78,2024-06-30 07:08:48,72.112,68.9044,78.8,-1.0,-1.0
77,2024-06-30 07:13:47,72.805,68.8298,77.8,-1.0,-1.0
76,2024-06-30 07:17:03,73.259,68.7802,76.8,-1.0,-1.0
75,2024-06-30 07:22:17,74.003,68.696,75.8,-1.0,-1.0
74,2024-06-30 07:24:47,74.352,68.6538,74.8,-1.0,-1.0
73,2024-06-30 07:29:43,74.803,68.5964,73.8,-1.0,-1.0
72,2024-06-30 07:33:02,75.25,68.5368,72.8,-1.0,-1.0
71,2024-06-30 07:37:42,75.899,68.4494,71.8,-1.0,-1.0
70,2024-06-30 07:41:17,76.381,68.3848,70.8,-1.0,-1.0
69,2024-06-30 07:45:09,76.924,68.3078,69.8,-1.0,-1.0
68,2024-06-30 07:48:24,77.355,68.245,68.8,-1.0,-1.0
67,2024-06-30 07:52:48,77.915,68.161,67.8,-1.0,-1.0
66,2024-06-30 07:57:30,78.49,68.0714,66.8,-1.0,-1.0
65,2024-06-30 08:04:06,79.289,67.9462,65.8,-1.0,-1.0
64,2024-06-30 08:07:58,79.722,67.8732,64.8,-1.0,-1.0
63,2024-06-30 08:12:05,80.231,67.783,63.8,-1.0,-1.0
62,2024-06-30 08:15:55,80.618,67.7136,62.8,-1.0,-1.0
61,2024-06-30 08:20:35,81.116,67.6232,61.8,-1.0,-1.0
60,2024-06-30 08:23:36,81.463,67.5584,60.8,-1.0,-1.0
59,2024-06-30 08:27:45,81.91,67.4718,59.8,-1.0,-1.0
58,2024-06-30 08:30:14,81.948,67.4228,58.8,-1.0,-1.0
57,2024-06-30 08:33:49,81.825,67.3498,57.8,-1.0,-1.0
56,2024-06-30 08:36:17,81.708,67.2926,56.8,-1.0,-1.0
55,2024-06-30 08:40:24,81.464,67.1948,55.8,-1.0,-1.0
54,2024-06-30 08:42:51,81.311,67.1424,54.8,-1.0,-1.0
53,2024-06-30 08:47:00,81.001,67.0504,53.8,-1.0,-1.0
52,2024-06-30 08:49:27,80.783,66.9922,52.8,-1.0,-1.0
51,2024-06-30 08:52:48,80.638,66.9564,51.8,-1.0,-1.0
50,2024-06-30 08:55:14,80.382,66.8968,50.8,-1.0,-1.0
49,2024-06-30 08:58:17,80.075,66.8306,49.8,-1.0,-1.0
48,2024-06-30 09:04:03,79.607,66.7688,48.8,-1.0,-1.0
47,2024-06-30 09:05:09,79.346,66.7376,47.8,-1.0,-1.0
46,2024-06-30 09:07:36,78.868,66.6798,46.8,-1.0,-1.0
45,2024-06-30 09:10:56,78.381,66.621,45.8,-1.0,-1.0
44,2024-06-30 09:13:23,77.885,66.5614,44.8,-1.0,-1.0
90,2024-06-30 10:28:42,77.448,66.5292,90.8,-1.0,-1.0
89,2024-06-30 10:32:50,77.393,66.5442,89.8,-1.0,-1.0
88,2024-06-30 10:33:23,77.372,66.5488,89.2,-1.0,-1.0
87,2024-06-30 10:36:24,77.327,66.5574,87.8,-1.0,-1.0
86,2024-06-30 10:39:08,77.197,66.581,86.8,-1.0,-1.0
85,2024-06-30 10:43:16,77.064,66.603,85.8,-1.0,-1.0
84,2024-06-30 10:46:34,76.907,66.6274,84.8,-1.0,-1.0
83,2024-06-30 10:51:47,76.659,66.6652,83.8,-1.0,-1.0
82,2024-06-30 10:53:58,76.566,66.6788,82.8,-1.0,-1.0
81,2024-06-30 10:57:50,76.355,66.707,81.8,-1.0,-1.0
80,2024-06-30 11:00:01,76.219,66.7246,80.8,-1.0,-1.0
79,2024-06-30 11:04:09,76.049,66.7448,79.8,-1.0,-1.0
78,2024-06-30 11:06:21,75.904,66.7608,78.8,-1.0,-1.0
76,2024-06-30 11:13:13,75.817,66.7684,77.6,-2.0,-2.0
75,2024-06-30 11:14:52,75.683,66.778,75.8,-1.0,-1.0
74,2024-06-30 11:16:47,75.644,66.7802,75.2,-1.0,-1.0
73,2024-06-30 11:19:31,75.423,66.791,73.8,-1.0,-1.0
72,2024-06-30 11:21:12,75.275,66.7964,72.8,-1.0,-1.0
71,2024-06-30 11:25:35,75.186,66.7986,71.8,-1.0,-1.0
70,2024-06-30 11:26:43,75.116,66.7996,71.0,-1.0,-1.0
69,2024-06-30 11:30:49,75.019,66.8002,69.8,-1.0,-1.0
68,2024-06-30 11:32:28,74.919,66.8,68.8,-1.0,-1.0
67,2024-06-30 11:36:17,74.593,66.798,67.8,-1.0,-1.0
66,2024-06-30 11:38:31,74.384,66.7962,66.8,-1.0,-1.0
66,2024-06-30 11:39:20,74.278,66.7958,66.4,-1.0,-1.0
65,2024-06-30 11:42:05,74.011,66.7936,65.8,-1.0,-1.0
64,2024-06-30 11:46:13,73.929,66.7924,65.0,-1.0,-1.0
63,2024-06-30 11:48:41,73.648,66.7882,63.8,-1.0,-1.0
62,2024-06-30 11:52:00,73.27,66.7808,62.8,-1.0,-1.0
61,2024-06-30 11:56:56,72.68,66.7714,61.8,-1.0,-1.0
60,2024-06-30 11:59:08,72.416,66.7672,60.8,-1.0,-1.0
59,2024-06-30 12:02:26,72.025,66.7608,59.8,-1.0,-1.0
59,2024-06-30 12:02:58,71.964,66.7598,59.6,-1.0,-2.0
58,2024-06-30 12:05:28,71.653,66.7546,58.8,-1.0,-1.0
57,2024-06-30 12:07:57,71.341,66.7494,57.8,-1.0,-1.0
56,2024-06-30 12:09:02,71.212,66.7468,56.8,-1.0,-1.0
55,2024-06-30 12:12:04,70.816,66.737,55.8,-1.0,-1.0
54,2024-06-30 12:13:26,70.617,66.7308,54.8,-1.0,-1.0
53,2024-06-30 12:17:01,70.14,66.7164,53.8,-1.0,-1.0
52,2024-06-30 12:18:38,69.964,66.7104,52.8,-1.0,-1.0
51,2024-06-30 12:21:25,69.747,66.703,51.8,-1.0,-1.0
50,2024-06-30 12:22:47,69.561,66.6958,50.8,-1.0,-1.0
49,2024-06-30 12:26:22,69.225,66.6818,49.8,-1.0,-1.0
48,2024-06-30 12:27:29,69.034,66.6786,48.8,-1.0,-1.0
48,2024-06-30 12:28:34,68.879,66.6756,48.2,-1.0,-2.0
47,2024-06-30 12:31:52,68.722,66.6722,47.8,-1.0,-1.0
46,2024-06-30 12:32:23,68.641,66.67,47.2,-1.0,-1.0
45,2024-06-30 12:35:43,68.079,66.656,45.8,-1.0,-1.0
44,2024-06-30 12:37:22,67.835,66.6498,44.8,-1.0,-1.0
43,2024-06-30 12:40:23,67.342,66.6352,43.8,-1.0,-1.0
42,2024-06-30 12:43:41,66.753,66.6176,42.8,-1.0,-1.0
41,2024-06-30 12:47:33,66.15,66.6022,41.8,-1.0,-1.0
40,2024-06-30 12:54:08,65.019,66.579,40.8,-1.0,-1.0
39,2024-06-30 12:56:37,64.584,66.5748,39.8,-1.0,-1.0
38,2024-06-30 12:59:05,64.15,66.5702,38.8,-1.0,-1.0
38,2024-06-30 13:00:10,64.02,66.5688,38.6,-1.0,-1.0
37,2024-06-30 13:04:02,63.325,66.559,37.8,-1.0,-1.0
36,2024-06-30 13:05:40,63.061,66.554,36.8,-1.0,-1.0
35,2024-06-30 13:11:28,62.004,66.5302,35.8,-1.0,-1.0
34,2024-06-30 13:14:11,61.562,66.52,34.8,-1.0,-1.0
33,2024-06-30 13:19:09,60.678,66.4958,33.8,-1.0,-1.0
33,2024-06-30 13:20:16,60.5,66.4904,33.2,-1.0,-2.0
32,2024-06-30 13:26:01,59.541,66.4594,32.8,-1.0,-1.0
31,2024-06-30 13:33:11,58.458,66.4192,31.8,-1.0,-1.0
30,2024-06-30 13:43:38,57.032,66.3578,30.8,-1.0,-1.0
29,2024-06-30 13:53:32,55.445,66.1872,29.8,-1.0,-1.0
28,2024-06-30 14:06:27,53.509,65.6988,28.8,-1.0,-1.0
27,2024-06-30 14:15:14,52.192,65.3938,27.8,-1.0,-1.0
26,2024-06-30 14:26:15,51.059,65.1598,26.8,-1.0,-1.0
25,2024-06-30 14:42:45,48.837,64.758,25.8,-1.0,-1.0
25,2024-06-30 14:43:35,48.711,64.737,25.6,-1.0,-1.0
99,2024-06-30 17:54:41,49.335,64.9262,99.8,-1.0,-1.0
98,2024-06-30 19:22:04,53.381,65.7842,98.8,-1.0,-1.0
97,2024-06-30 19:27:33,53.651,66.0108,97.8,-1.0,-1.0
96,2024-06-30 20:02:59,55.679,67.4326,96.8,-1.0,-1.0
95,2024-06-30 20:21:57,57.811,68.266,95.8,-1.0,-1.0
94,2024-06-30 20:25:47,58.332,68.445,94.8,-1.0,-1.0
93,2024-06-30 20:42:16,59.845,68.9452,93.8,-1.0,-1.0
92,2024-06-30 20:55:12,61.721,69.4928,92.8,-1.0,-1.0
91,2024-06-30 21:08:08,63.843,69.9386,91.8,-1.0,-1.0
90,2024-06-30 21:12:48,64.73,70.0752,90.8,-1.0,-1.0
90,2024-06-30 21:13:38,64.873,70.0948,90.6,-1.0,-1.0
89,2024-06-30 21:27:23,67.043,70.331,89.8,-1.0,-1.0
88,2024-06-30 21:38:06,69.188,70.4546,88.8,-1.0,-1.0
87,2024-06-30 21:48:16,70.583,70.495,87.8,-1.0,-1.0
86,2024-06-30 22:05:19,73.445,70.4234,86.8,-1.0,-1.0
85,2024-06-30 22:10:34,74.248,70.3812,85.8,-1.0,-1.0
84,2024-06-30 22:19:05,75.851,70.295,84.8,-1.0,-1.0
83,2024-06-30 22:24:50,76.964,70.236,83.8,-1.0,-1.0
82,2024-06-30 22:30:04,78.076,70.1728,82.8,-1.0,-1.0
82,2024-06-30 22:30:36,78.181,70.1666,82.6,-1.0,-2.0
81,2024-06-30 22:35:51,78.856,70.1248,81.8,-1.0,-1.0
80,2024-06-30 22:37:13,79.165,70.1042,80.8,-1.0,-1.0
79,2024-06-30 22:42:10,80.133,70.0356,79.8,-1.0,-1.0
78,2024-06-30 22:45:28,80.232,70.028,79.2,-1.0,-1.0
77,2024-06-30 22:52:04,80.917,69.9746,77.8,-1.0,-1.0
76,2024-06-30 22:54:33,81.396,69.9344,76.8,-1.0,-1.0
75,2024-06-30 23:00:19,82.114,69.8712,75.8,-1.0,-1.0
74,2024-06-30 23:04:58,82.771,69.81,74.8,-1.0,-1.0
73,2024-06-30 23:11:52,83.421,69.7482,73.8,-1.0,-1.0
72,2024-06-30 23:16:14,83.88,69.7026,72.8,-1.0,-1.0
70,2024-06-30 23:23:42,83.968,69.693,72.0,-2.0,-2.0
69,2024-06-30 23:27:14,84.053,69.6828,70.6,-1.0,-1.0
68,2024-06-30 23:30:02,84.262,69.6566,68.8,-1.0,-1.0
67,2024-06-30 23:40:27,84.928,69.5726,67.8,-1.0,-1.0
67,2024-06-30 23:41:16,85.053,69.5568,67.6,-1.0,-1.0
67,2024-06-30 23:41:50,85.178,69.541,67.6,-1.0,-1.0
67,2024-06-30 23:42:24,85.261,69.5304,67.6,-1.0,-2.0
66,2024-06-30 23:46:46,85.547,69.4924,66.8,-1.0,-1.0
65,2024-06-30 23:55:19,86.506,69.3578,65.8,-1.0,-1.0
64,2024-06-30 23:58:20,86.583,69.346,65.2,-1.0,-1.0
63,2024-07-01 00:03:32,87.0,69.2798,63.8,-1.0,-1.0
62,2024-07-01 00:08:46,87.185,69.2486,62.8,-1.0,-1.0
61,2024-07-01 00:15:07,88.034,69.1044,61.8,-1.0,-1.0
60,2024-07-01 00:18:08,87.829,69.0346,60.8,-1.0,-1.0
82,2024-07-01 01:07:48,86.725,68.8764,82.8,-1.0,-1.0
80,2024-07-01 01:18:32,86.655,68.8684,81.6,-2.0,-2.0
79,2024-07-01 01:28:43,86.141,68.8088,79.8,-1.0,-1.0
79,2024-07-01 01:30:05,86.042,68.797,79.2,-1.0,-2.0
78,2024-07-01 01:33:07,85.881,68.7776,78.8,-1.0,-1.0
77,2024-07-01 01:39:40,85.504,68.731,77.8,-1.0,-1.0
76,2024-07-01 01:44:56,85.064,68.6762,76.8,-1.0,-1.0
74,2024-07-01 02:02:30,84.831,68.645,75.6,-2.0,-2.0
73,2024-07-01 02:11:17,84.025,68.538,73.8,-1.0,-1.0
72,2024-07-01 02:16:14,83.568,68.4796,72.8,-1.0,-1.0
71,2024-07-01 02:22:51,82.892,68.393,71.8,-1.0,-1.0
70,2024-07-01 02:26:43,82.501,68.3418,70.8,-1.0,-1.0
69,2024-07-01 02:32:12,81.907,68.2628,69.8,-1.0,-1.0
68,2024-07-01 02:36:02,81.528,68.2122,68.8,-1.0,-1.0
67,2024-07-01 02:40:27,81.051,68.1508,67.8,-1.0,-1.0
66,2024-07-01 02:46:46,80.354,68.0594,66.8,-1.0,-1.0
65,2024-07-01 02:52:33,79.668,67.9702,65.8,-1.0,-1.0
65,2024-07-01 02:53:07,79.579,67.9584,65.4,-1.0,-2.0
64,2024-07-01 02:56:08,79.222,67.9102,64.8,-1.0,-1.0
63,2024-07-01 03:03:50,78.411,67.7966,63.8,-1.0,-1.0
62,2024-07-01 03:07:57,77.916,67.726,62.8,-1.0,-1.0
61,2024-07-01 03:14:48,77.14,67.6152,61.8,-1.0,-1.0
60,2024-07-01 03:18:57,76.627,67.5414,60.8,-1.0,-1.0
59,2024-07-01 03:25:49,76.075,67.4614,59.8,-1.0,-1.0
58,2024-07-01 03:30:15,75.612,67.3968,58.8,-1.0,-1.0
57,2024-07-01 03:36:17,74.863,67.2954,57.8,-1.0,-1.0
56,2024-07-01 03:39:51,74.383,67.2288,56.8,-1.0,-1.0
55,2024-07-01 03:45:54,73.556,67.115,55.8,-1.0,-1.0
54,2024-07-01 03:48:54,73.17,67.0634,54.8,-1.0,-1.0
53,2024-07-01 03:55:32,72.238,66.9384,53.8,-1.0,-1.0
52,2024-07-01 04:00:28,71.589,66.8504,52.8,-1.0,-1.0
51,2024-07-01 04:05:24,70.885,66.7582,51.8,-1.0,-1.0
50,2024-07-01 04:08:27,70.402,66.693,50.8,-1.0,-1.0
49,2024-07-01 04:13:08,69.757,66.6044,49.8,-1.0,-1.0
48,2024-07-01 04:16:25,69.3,66.5426,48.8,-1.0,-1.0
48,2024-07-01 04:17:49,69.07,66.5134,48.8,-1.0,-1.0
47,2024-07-01 04:22:29,68.328,66.4182,47.8,-1.0,-1.0
47,2024-07-01 04:23:18,68.209,66.4028,47.4,-1.0,-2.0
46,2024-07-01 04:27:41,67.533,66.3166,46.8,-1.0,-1.0
45,2024-07-01 04:37:36,65.962,66.1198,45.8,-1.0,-1.0
44,2024-07-01 04:54:39,64.762,65.9804,44.8,-1.0,-1.0
43,2024-07-01 05:05:07,63.251,65.8124,43.8,-1.0,-1.0
99,2024-07-01 10:35:15,63.299,66.0334,99.8,-1.0,-1.0
98,2024-07-01 10:46:14,64.529,66.4076,98.8,-1.0,-1.0
97,2024-07-01 11:01:06,66.467,66.9818,97.8,-1.0,-1.0
96,2024-07-01 11:08:47,67.488,67.2714,96.8,-1.0,-1.0
95,2024-07-01 11:57:40,69.371,68.2222,95.8,-1.0,-1.0
94,2024-07-01 12:13:53,70.59,68.731,94.8,-1.0,-1.0
93,2024-07-01 12:22:24,71.286,68.8608,93.8,-1.0,-1.0
92,2024-07-01 12:28:09,71.745,68.9504,92.8,-1.0,-1.0
91,2024-07-01 12:33:40,72.221,69.0482,91.8,-1.0,-1.0
90,2024-07-01 12:39:09,72.661,69.1396,90.8,-1.0,-1.0
89,2024-07-01 12:47:41,73.397,69.2932,89.8,-1.0,-1.0
88,2024-07-01 12:51:16,73.682,69.3528,88.8,-1.0,-1.0
87,2024-07-01 12:57:02,74.113,69.445,87.8,-1.0,-1.0
86,2024-07-01 12:59:13,74.301,69.4862,86.8,-1.0,-1.0
85,2024-07-01 13:06:07,74.874,69.613,85.8,-1.0,-1.0
85,2024-07-01 13:06:56,74.939,69.6272,85.6,-1.0,-1.0
84,2024-07-01 13:11:52,75.342,69.716,84.8,-1.0,-1.0
83,2024-07-01 13:16:34,75.748,69.8062,83.8,-1.0,-1.0
82,2024-07-01 13:19:19,75.978,69.858,82.8,-1.0,-1.0
81,2024-07-01 13:23:58,76.349,69.9424,81.8,-1.0,-1.0
80,2024-07-01 13:27:17,76.638,70.0066,80.8,-1.0,-1.0
79,2024-07-01 13:30:53,76.924,70.0706,79.8,-1.0,-1.0
78,2024-07-01 13:33:04,77.105,70.1118,78.8,-1.0,-1.0
77,2024-07-01 13:37:11,77.424,70.1832,77.8,-1.0,-1.0
76,2024-07-01 13:41:02,77.719,70.2514,76.8,-1.0,-1.0
75,2024-07-01 13:45:26,78.035,70.3236,75.8,-1.0,-1.0
74,2024-07-01 13:48:28,78.167,70.3552,74.8,-1.0,-1.0
73,2024-07-01 13:52:02,78.428,70.4166,73.8,-1.0,-1.0
72,2024-07-01 13:54:47,78.635,70.464,72.8,-1.0,-1.0
71,2024-07-01 13:58:21,78.85,70.5154,71.8,-1.0,-1.0
70,2024-07-01 14:01:55,79.079,70.5724,70.8,-1.0,-1.0
69,2024-07-01 14:07:26,79.447,70.6652,69.8,-1.0,-1.0
68,2024-07-01 14:09:21,79.583,70.7002,68.8,-1.0,-1.0
67,2024-07-01 14:14:35,79.735,70.7396,67.8,-1.0,-1.0
66,2024-07-01 14:17:02,79.816,70.7604,66.8,-1.0,-1.0
65,2024-07-01 14:22:00,80.14,70.842,65.8,-1.0,-1.0
64,2024-07-01 14:24:12,80.285,70.8796,64.8,-1.0,-1.0
63,2024-07-01 14:28:04,80.536,70.9434,63.8,-1.0,-1.0
62,2024-07-01 14:31:22,80.735,70.997,62.8,-1.0,-1.0
61,2024-07-01 14:35:29,80.976,71.0622,61.8,-1.0,-1.0
60,2024-07-01 14:38:14,81.125,71.1032,60.8,-1.0,-1.0
59,2024-07-01 14:41:49,81.334,71.163,59.8,-1.0,-1.0
58,2024-07-01 14:45:40,81.53,71.2224,58.8,-1.0,-1.0
57,2024-07-01 14:49:47,81.737,71.2854,57.8,-1.0,-1.0
56,2024-07-01 15:02:41,82.347,71.481,56.8,-1.0,-1.0
55,2024-07-01 15:06:00,82.497,71.5302,55.8,-1.0,-1.0
54,2024-07-01 15:08:29,82.616,71.57,54.8,-1.0,-1.0
53,2024-07-01 15:12:03,82.598,71.623,53.8,-1.0,-1.0
52,2024-07-01 15:17:17,82.174,71.6556,52.8,-1.0,-1.0
50,2024-07-01 15:19:29,81.732,71.686,50.8,-1.0,-1.0
49,2024-07-01 15:24:43,80.781,71.7466,49.8,-1.0,-1.0
49,2024-07-01 15:25:49,80.583,71.7592,49.6,-1.0,-1.0
47,2024-07-01 15:32:08,80.331,71.7738,48.6,-2.0,-2.0
46,2024-07-01 15:36:15,79.498,71.8152,46.8,-1.0,-1.0
87,2024-07-01 16:49:55,79.307,71.8556,71.4,-2.0,-2.0
86,2024-07-01 16:51:16,79.246,71.9094,86.8,-1.0,-1.0
85,2024-07-01 16:55:23,79.044,72.0792,85.8,-1.0,-1.0
84,2024-07-01 16:59:47,78.9,72.1956,84.8,-1.0,-1.0
83,2024-07-01 17:05:02,78.619,72.4034,83.8,-1.0,-1.0
82,2024-07-01 17:07:27,78.498,72.4576,82.8,-1.0,-1.0
81,2024-07-01 17:10:47,78.273,72.499,81.8,-1.0,-1.0
80,2024-07-01 17:13:15,78.112,72.5238,80.8,-1.0,-1.0
79,2024-07-01 17:17:22,77.856,72.5534,79.8,-1.0,-1.0
78,2024-07-01 17:19:51,77.681,72.568,78.8,-1.0,-1.0
77,2024-07-01 17:25:37,77.554,72.5756,77.8,-1.0,-1.0
76,2024-07-01 17:27:15,77.439,72.5798,76.8,-1.0,-1.0
75,2024-07-01 17:30:01,77.218,72.5834,75.8,-1.0,-1.0
74,2024-07-01 17:32:13,77.154,72.5832,75.0,-1.0,-1.0
73,2024-07-01 17:35:47,76.845,72.5772,73.8,-1.0,-1.0
72,2024-07-01 17:37:10,76.752,72.5738,72.8,-1.0,-1.0
71,2024-07-01 17:40:59,76.559,72.5642,71.8,-1.0,-1.0
69,2024-07-01 17:48:42,76.357,72.5348,70.6,-2.0,-2.0
68,2024-07-01 17:53:24,76.14,72.485,68.8,-1.0,-1.0
67,2024-07-01 17:56:24,75.831,72.4144,67.8,-1.0,-1.0
66,2024-07-01 18:01:06,75.572,72.3548,66.8,-1.0,-1.0
65,2024-07-01 18:03:15,75.339,72.3002,65.8,-1.0,-1.0
64,2024-07-01 18:07:25,74.858,72.1906,64.8,-1.0,-1.0
63,2024-07-01 18:12:55,74.175,72.0374,63.8,-1.0,-1.0
62,2024-07-01 18:16:45,73.886,71.9742,62.8,-1.0,-1.0
61,2024-07-01 18:21:43,73.302,71.8456,61.8,-1.0,-1.0
60,2024-07-01 18:23:38,73.037,71.7878,60.8,-1.0,-1.0
59,2024-07-01 18:25:50,72.968,71.7728,60.2,-1.0,-1.0
58,2024-07-01 18:28:52,72.547,71.683,58.8,-1.0,-1.0
57,2024-07-01 18:37:23,71.775,71.5156,57.8,-1.0,-1.0
56,2024-07-01 18:39:51,71.423,71.4386,56.8,-1.0,-1.0
54,2024-07-01 18:45:21,71.349,71.4226,56.0,-2.0,-2.0
53,2024-07-01 18:49:12,70.781,71.2994,53.8,-1.0,-1.0
52,2024-07-01 18:52:13,70.324,71.1998,52.8,-1.0,-1.0
52,2024-07-01 18:53:53,70.055,71.1416,52.6,-1.0,-1.0
51,2024-07-01 18:57:11,69.826,71.091,51.8,-1.0,-1.0
50,2024-07-01 18:59:07,69.747,71.0736,51.2,-1.0,-1.0
49,2024-07-01 19:03:45,69.026,70.9162,49.8,-1.0,-1.0
48,2024-07-01 19:06:46,68.538,70.8104,48.8,-1.0,-1.0
47,2024-07-01 19:12:51,67.529,70.5874,47.8,-1.0,-1.0
46,2024-07-01 19:18:03,66.772,70.4162,46.8,-1.0,-1.0
45,2024-07-01 19:27:59,65.189,70.0578,45.8,-1.0,-1.0
44,2024-07-01 19:32:07,65.03,70.0216,44.8,-1.0,-1.0
43,2024-07-01 19:37:36,64.154,69.8212,43.8,-1.0,-1.0
43,2024-07-01 19:38:59,63.956,69.7756,43.4,-1.0,-1.0
42,2024-07-01 19:42:17,63.447,69.6568,42.8,-1.0,-1.0
41,2024-07-01 19:50:32,62.166,69.353,41.8,-1.0,-1.0
40,2024-07-01 19:53:16,61.784,69.2606,40.8,-1.0,-1.0
39,2024-07-01 20:09:13,59.527,68.6936,39.8,-1.0,-1.0
38,2024-07-01 20:18:02,58.354,68.3738,38.8,-1.0,-1.0
37,2024-07-01 20:41:24,56.011,67.7,37.8,-1.0,-1.0
36,2024-07-01 20:49:37,55.187,67.4454,36.8,-1.0,-1.0
35,2024-07-01 21:00:22,54.14,67.1108,35.8,-1.0,-1.0
34,2024-07-01 21:06:08,53.781,66.9946,34.8,-1.0,-1.0
34,2024-07-01 21:07:47,53.615,66.9404,34.4,-1.0,-1.0
33,2024-07-01 21:27:52,51.828,66.3694,33.8,-1.0,-1.0
33,2024-07-01 21:29:30,51.687,66.3228,33.8,-1.0,-1.0
32,2024-07-01 21:39:08,51.0,66.076,32.8,-1.0,-1.0
99,2024-07-01 23:16:39,46.985,65.7336,99.8,-1.0,-1.0
98,2024-07-01 23:30:24,48.179,66.1866,98.8,-1.0,-1.0
97,2024-07-01 23:32:52,48.46,66.2848,97.8,-1.0,-1.0
96,2024-07-01 23:35:20,48.747,66.384,96.8,-1.0,-1.0
95,2024-07-01 23:39:26,49.211,66.5444,95.8,-1.0,-1.0
94,2024-07-01 23:42:30,49.596,66.6666,94.8,-1.0,-1.0
94,2024-07-01 23:44:40,49.836,66.6736,94.8,-1.0,-1.0
93,2024-07-01 23:50:11,50.315,66.693,93.8,-1.0,-1.0
92,2024-07-01 23:54:01,50.791,66.715,92.8,-1.0,-1.0
91,2024-07-02 00:07:46,52.488,66.8062,91.8,-1.0,-1.0
90,2024-07-02 00:10:14,52.752,66.8222,90.8,-1.0,-1.0
89,2024-07-02 00:18:47,53.548,66.8714,89.8,-1.0,-1.0
89,2024-07-02 00:19:20,53.619,66.8764,89.6,-1.0,-2.0
88,2024-07-02 00:25:55,54.269,66.9274,88.8,-1.0,-1.0
87,2024-07-02 00:31:42,55.122,67.0036,87.8,-1.0,-1.0
86,2024-07-02 00:36:56,55.801,67.0728,86.8,-1.0,-1.0
85,2024-07-02 00:41:18,56.332,67.1276,85.8,-1.0,-1.0
84,2024-07-02 00:45:10,56.815,67.1802,84.8,-1.0,-1.0
83,2024-07-02 00:50:57,57.406,67.2466,83.8,-1.0,-1.0
82,2024-07-02 00:53:10,57.738,67.2842,82.8,-1.0,-1.0
80,2024-07-02 01:00:34,57.952,67.3078,81.6,-2.0,-2.0
79,2024-07-02 01:05:16,58.563,67.3758,79.8,-1.0,-1.0
78,2024-07-02 01:08:48,58.628,67.3832,79.2,-1.0,-1.0
77,2024-07-02 01:13:31,59.123,67.4384,77.8,-1.0,-1.0
76,2024-07-02 01:15:42,59.419,67.4716,76.8,-1.0,-1.0
75,2024-07-02 01:22:01,59.904,67.5286,75.8,-1.0,-1.0
74,2024-07-02 01:25:52,60.223,67.5672,74.8,-1.0,-1.0
73,2024-07-02 01:32:28,60.798,67.639,73.8,-1.0,-1.0
72,2024-07-02 01:34:39,61.076,67.676,72.8,-1.0,-1.0
70,2024-07-02 01:44:17,61.164,67.6882,71.8,-2.0,-2.0
69,2024-07-02 01:47:52,61.334,67.7116,69.8,-1.0,-1.0
68,2024-07-02 01:49:15,61.501,67.7344,68.8,-1.0,-1.0
67,2024-07-02 02:00:15,61.947,67.7984,67.8,-1.0,-1.0
66,2024-07-02 02:02:10,62.108,67.8234,66.8,-1.0,-1.0
65,2024-07-02 02:07:55,62.705,67.9208,65.8,-1.0,-1.0
64,2024-07-02 02:11:30,62.804,67.938,64.8,-1.0,-1.0
63,2024-07-02 02:16:43,63.091,67.9884,63.8,-1.0,-1.0
62,2024-07-02 02:18:07,63.232,68.0134,62.8,-1.0,-1.0
61,2024-07-02 02:25:16,63.507,68.0622,61.8,-1.0,-1.0
61,2024-07-02 02:26:05,63.552,68.0704,61.6,-1.0,-2.0
60,2024-07-02 02:28:35,63.771,68.1102,60.8,-1.0,-1.0
59,2024-07-02 02:32:09,64.049,68.1602,59.8,-1.0,-1.0
58,2024-07-02 02:51:55,64.174,68.1828,58.8,-1.0,-1.0
81,2024-07-02 03:44:20,65.329,68.415,81.8,-1.0,-1.0
78,2024-07-02 03:54:46,65.369,68.4234,81.0,-3.0,-2.0
77,2024-07-02 03:59:59,65.768,68.5072,77.8,-1.0,-1.0
76,2024-07-02 04:06:50,66.833,68.7344,76.8,-1.0,-1.0
75,2024-07-02 04:09:19,67.183,68.8098,75.8,-1.0,-1.0
75,2024-07-02 04:09:53,67.298,68.835,75.4,-1.0,-2.0
74,2024-07-02 04:12:55,67.72,68.927,74.8,-1.0,-1.0
73,2024-07-02 04:18:41,68.023,68.9924,73.8,-1.0,-1.0
72,2024-07-02 04:19:47,68.17,69.0242,72.8,-1.0,-1.0
71,2024-07-02 04:31:19,68.349,69.0638,71.8,-1.0,-1.0
70,2024-07-02 04:36:50,69.084,69.2274,70.8,-1.0,-1.0
69,2024-07-02 04:40:40,69.503,69.3208,69.8,-1.0,-1.0
68,2024-07-02 04:44:15,69.988,69.427,68.8,-1.0,-1.0
67,2024-07-02 04:48:37,70.293,69.4936,67.8,-1.0,-1.0
66,2024-07-02 04:51:22,70.655,69.5748,66.8,-1.0,-1.0
65,2024-07-02 04:58:15,71.39,69.7402,65.8,-1.0,-1.0
64,2024-07-02 05:01:51,71.823,69.84,64.8,-1.0,-1.0
63,2024-07-02 05:05:24,72.212,69.9308,63.8,-1.0,-1.0
63,2024-07-02 05:05:58,72.3,69.9514,63.4,-1.0,-2.0
62,2024-07-02 05:09:49,72.712,70.0464,62.8,-1.0,-1.0
61,2024-07-02 05:16:07,73.436,70.2142,61.8,-1.0,-1.0
60,2024-07-02 05:20:49,73.951,70.3328,60.8,-1.0,-1.0
59,2024-07-02 05:27:26,74.672,70.5104,59.8,-1.0,-1.0
58,2024-07-02 05:30:27,74.928,70.5882,58.8,-1.0,-1.0
57,2024-07-02 05:35:39,75.253,70.716,57.8,-1.0,-1.0
56,2024-07-02 05:38:58,75.404,70.8026,56.8,-1.0,-1.0
55,2024-07-02 05:43:55,75.516,70.9224,55.8,-1.0,-1.0
54,2024-07-02 05:48:36,75.518,71.0226,54.8,-1.0,-1.0
53,2024-07-02 05:54:37,75.301,71.0566,53.8,-1.0,-1.0
52,2024-07-02 05:57:23,74.832,70.9624,52.8,-1.0,-1.0
51,2024-07-02 06:05:06,74.22,70.8376,51.8,-1.0,-1.0
50,2024-07-02 06:06:28,73.979,70.7894,50.8,-1.0,-1.0
49,2024-07-02 06:12:32,72.802,70.554,49.8,-1.0,-1.0
48,2024-07-02 06:17:45,71.775,70.3438,48.8,-1.0,-1.0
47,2024-07-02 06:23:13,70.765,70.1294,47.8,-1.0,-1.0
46,2024-07-02 06:28:12,69.806,69.9236,46.8,-1.0,-1.0
45,2024-07-02 06:31:12,69.373,69.8298,45.8,-1.0,-1.0
44,2024-07-02 06:34:13,68.79,69.7048,44.8,-1.0,-1.0
43,2024-07-02 06:37:34,68.155,69.5668,43.8,-1.0,-1.0
42,2024-07-02 06:43:03,67.076,69.329,42.8,-1.0,-1.0
41,2024-07-02 06:47:43,66.175,69.1308,41.8,-1.0,-1.0
40,2024-07-02 06:50:43,65.564,68.9962,40.8,-1.0,-1.0
40,2024-07-02 06:51:18,65.412,68.9622,40.4,-1.0,-2.0
39,2024-07-02 06:58:43,64.009,68.6428,39.8,-1.0,-1.0
38,2024-07-02 07:04:12,62.961,68.399,38.8,-1.0,-1.0
37,2024-07-02 07:16:36,60.598,67.8418,37.8,-1.0,-1.0
36,2024-07-02 07:22:55,59.495,67.5702,36.8,-1.0,-1.0
99,2024-07-02 14:10:42,58.487,67.2308,99.8,-1.0,-1.0
98,2024-07-02 14:16:12,58.967,67.2544,98.8,-1.0,-1.0
97,2024-07-02 14:22:13,59.512,67.2782,97.8,-1.0,-1.0
96,2024-07-02 14:31:03,60.37,67.3096,96.8,-1.0,-1.0
95,2024-07-02 14:46:10,62.11,67.3636,95.8,-1.0,-1.0
94,2024-07-02 14:58:30,63.75,67.4144,94.8,-1.0,-1.0
93,2024-07-02 15:08:41,65.028,67.4568,93.8,-1.0,-1.0
93,2024-07-02 15:09:14,65.051,67.459,93.6,-1.0,-2.0
92,2024-07-02 15:15:48,65.437,67.4866,92.8,-1.0,-1.0
91,2024-07-02 15:24:20,65.957,67.5194,91.8,-1.0,-1.0
90,2024-07-02 15:30:08,66.359,67.5398,90.8,-1.0,-1.0
89,2024-07-02 15:37:17,66.898,67.5668,89.8,-1.0,-1.0
88,2024-07-02 15:43:19,67.253,67.5834,88.8,-1.0,-1.0
87,2024-07-02 15:51:49,67.971,67.616,87.8,-1.0,-1.0
86,2024-07-02 15:54:19,68.181,67.6258,86.8,-1.0,-1.0
85,2024-07-02 15:59:33,68.585,67.6468,85.8,-1.0,-1.0
84,2024-07-02 16:02:50,68.84,67.6602,84.8,-1.0,-1.0
83,2024-07-02 16:11:54,69.07,67.6732,83.8,-1.0,-1.0
83,2024-07-02 16:13:01,69.155,67.6784,83.4,-1.0,-1.0
82,2024-07-02 16:17:09,69.511,67.7008,82.8,-1.0,-1.0
81,2024-07-02 16:22:06,69.883,67.725,81.8,-1.0,-1.0
81,2024-07-02 16:23:10,69.964,67.7308,81.2,-1.0,-2.0
80,2024-07-02 16:26:46,70.256,67.751,80.8,-1.0,-1.0
80,2024-07-02 16:27:19,70.297,67.754,80.6,-1.0,-2.0
79,2024-07-02 16:31:27,70.641,67.7872,79.8,-1.0,-1.0
78,2024-07-02 16:35:51,70.969,67.8226,78.8,-1.0,-1.0
77,2024-07-02 16:41:04,71.398,67.87,77.8,-1.0,-1.0
76,2024-07-02 16:44:55,71.519,67.883,76.8,-1.0,-1.0
75,2024-07-02 16:48:28,71.798,67.9128,75.8,-1.0,-1.0
74,2024-07-02 16:51:31,72.053,67.9426,74.8,-1.0,-1.0
73,2024-07-02 17:01:57,72.873,68.0462,73.8,-1.0,-1.0
72,2024-07-02 17:04:09,73.06,68.0678,72.8,-1.0,-1.0
71,2024-07-02 17:08:34,73.44,68.0412,71.8,-1.0,-1.0
70,2024-07-02 17:10:45,73.628,68.02,70.8,-1.0,-1.0
70,2024-07-02 17:11:20,73.669,68.0158,70.6,-1.0,-2.0
69,2024-07-02 17:15:58,74.041,67.9796,69.8,-1.0,-1.0
68,2024-07-02 17:18:26,74.242,67.9578,68.8,-1.0,-1.0
67,2024-07-02 17:24:32,74.747,67.9052,67.8,-1.0,-1.0
66,2024-07-02 17:27:32,74.986,67.8802,66.8,-1.0,-1.0
65,2024-07-02 17:32:12,75.329,67.8434,65.8,-1.0,-1.0
64,2024-07-02 17:35:48,75.637,67.8134,64.8,-1.0,-1.0
63,2024-07-02 17:39:22,75.926,67.7852,63.8,-1.0,-1.0
62,2024-07-02 17:43:28,76.228,67.7524,62.8,-1.0,-1.0
61,2024-07-02 17:47:37,76.507,67.7214,61.8,-1.0,-1.0
60,2024-07-02 17:50:04,76.705,67.6986,60.8,-1.0,-1.0
59,2024-07-02 17:56:08,77.18,67.6416,59.8,-1.0,-1.0
58,2024-07-02 17:59:25,77.409,67.6128,58.8,-1.0,-1.0
57,2024-07-02 18:03:34,77.712,67.5742,57.8,-1.0,-1.0
56,2024-07-02 18:06:19,77.898,67.549,56.8,-1.0,-1.0
55,2024-07-02 18:11:16,78.257,67.499,55.8,-1.0,-1.0
54,2024-07-02 18:13:27,78.392,67.4784,54.8,-1.0,-1.0
53,2024-07-02 18:18:08,78.701,67.4288,53.8,-1.0,-1.0
53,2024-07-02 18:20:36,78.87,67.404,53.8,-1.0,-1.0
52,2024-07-02 18:23:06,79.015,67.3804,52.8,-1.0,-1.0
51,2024-07-02 18:27:29,79.27,67.337,51.8,-1.0,-1.0
50,2024-07-02 18:30:46,79.464,67.3018,50.8,-1.0,-1.0
49,2024-07-02 18:35:44,78.927,67.268,49.8,-1.0,-1.0
47,2024-07-02 18:41:30,78.152,67.2212,47.8,-1.0,-1.0
46,2024-07-02 18:43:09,77.787,67.1986,46.8,-1.0,-1.0
45,2024-07-02 18:48:24,77.362,67.1724,45.8,-1.0,-1.0
44,2024-07-02 18:50:17,76.989,67.1484,44.8,-1.0,-1.0
43,2024-07-02 18:54:43,76.016,67.0846,43.8,-1.0,-1.0
91,2024-07-02 20:04:14,75.838,67.0922,72.2,-1.0,-1.0
90,2024-07-02 20:07:32,75.759,67.1718,90.8,-1.0,-1.0
89,2024-07-02 20:11:21,75.723,67.2016,89.8,-1.0,-1.0
88,2024-07-02 20:11:38,75.706,67.213,89.2,-1.0,-1.0
87,2024-07-02 20:15:13,75.592,67.288,87.8,-1.0,-1.0
86,2024-07-02 20:17:09,75.528,67.328,86.8,-1.0,-1.0
85,2024-07-02 20:20:09,75.407,67.395,85.8,-1.0,-1.0
84,2024-07-02 20:25:22,75.186,67.506,84.8,-1.0,-1.0
83,2024-07-02 20:28:24,75.029,67.5786,83.8,-1.0,-1.0
82,2024-07-02 20:30:53,74.917,67.627,82.8,-1.0,-1.0
81,2024-07-02 20:34:10,74.747,67.697,81.8,-1.0,-1.0
80,2024-07-02 20:36:23,74.62,67.7454,80.8,-1.0,-1.0
79,2024-07-02 20:39:23,74.439,67.8076,79.8,-1.0,-1.0
78,2024-07-02 20:43:32,74.31,67.8482,78.8,-1.0,-1.0
77,2024-07-02 20:47:06,74.084,67.918,77.8,-1.0,-1.0
76,2024-07-02 20:49:18,73.93,67.9628,76.8,-1.0,-1.0
75,2024-07-02 20:52:02,73.731,68.0156,75.8,-1.0,-1.0
74,2024-07-02 20:53:43,73.597,68.049,74.8,-1.0,-1.0
73,2024-07-02 20:58:21,73.252,68.1342,73.8,-1.0,-1.0
72,2024-07-02 21:05:13,72.803,68.2442,72.8,-1.0,-1.0
71,2024-07-02 21:08:33,72.682,68.2728,71.8,-1.0,-1.0
70,2024-07-02 21:11:18,72.492,68.314,70.8,-1.0,-1.0
69,2024-07-02 21:14:51,72.254,68.3636,69.8,-1.0,-1.0
68,2024-07-02 21:17:54,71.989,68.4162,68.8,-1.0,-1.0
67,2024-07-02 21:23:24,71.696,68.4732,67.8,-1.0,-1.0
66,2024-07-02 21:24:44,71.58,68.494,66.8,-1.0,-1.0
65,2024-07-02 21:27:46,71.435,68.5178,65.8,-1.0,-1.0
64,2024-07-02 21:32:59,70.92,68.5984,64.8,-1.0,-1.0
63,2024-07-02 21:35:44,70.648,68.64,63.8,-1.0,-1.0
62,2024-07-02 21:40:59,70.297,68.6902,62.8,-1.0,-1.0
61,2024-07-02 21:42:55,70.088,68.7186,61.8,-1.0,-1.0
60,2024-07-02 21:46:44,69.845,68.749,60.8,-1.0,-1.0
58,2024-07-02 21:51:44,69.6,68.7774,59.6,-2.0,-2.0
56,2024-07-02 21:57:13,69.374,68.7994,57.6,-2.0,-2.0
55,2024-07-02 21:59:42,69.073,68.8238,55.8,-1.0,-1.0
54,2024-07-02 22:03:15,69.011,68.8284,55.2,-1.0,-1.0
53,2024-07-02 22:03:49,68.917,68.8348,54.0,-1.0,-1.0
52,2024-07-02 22:06:34,68.567,68.8566,52.8,-1.0,-1.0
51,2024-07-02 22:09:35,68.279,68.8726,51.8,-1.0,-1.0
51,2024-07-02 22:10:07,68.215,68.8532,51.6,-1.0,-2.0
50,2024-07-02 22:12:37,67.893,68.755,50.8,-1.0,-1.0
49,2024-07-02 22:14:32,67.727,68.7048,49.8,-1.0,-1.0
48,2024-07-02 22:16:44,67.459,68.623,48.8,-1.0,-1.0
48,2024-07-02 22:17:16,67.392,68.6024,48.6,-1.0,-2.0
47,2024-07-02 22:20:01,67.017,68.4878,47.8,-1.0,-1.0
46,2024-07-02 22:23:21,66.573,68.3518,46.8,-1.0,-1.0
45,2024-07-02 22:26:55,66.09,68.2032,45.8,-1.0,-1.0
44,2024-07-02 22:29:24,65.774,68.1058,44.8,-1.0,-1.0
43,2024-07-02 22:34:53,65.041,67.8766,43.8,-1.0,-1.0
42,2024-07-02 22:38:28,64.76,67.7884,42.8,-1.0,-1.0
41,2024-07-02 22:41:13,64.365,67.665,41.8,-1.0,-1.0
40,2024-07-02 22:45:38,63.73,67.4596,40.8,-1.0,-1.0
39,2024-07-02 22:48:55,63.274,67.3086,39.8,-1.0,-1.0
38,2024-07-02 22:53:51,62.608,67.088,38.8,-1.0,-1.0
37,2024-07-02 22:58:15,61.959,66.877,37.8,-1.0,-1.0
36,2024-07-02 23:03:13,61.241,66.6408,36.8,-1.0,-1.0
36,2024-07-02 23:03:46,61.17,66.617,36.6,-1.0,-2.0
35,2024-07-02 23:08:27,60.496,66.3888,35.8,-1.0,-1.0
34,2024-07-02 23:18:04,59.489,66.0348,34.8,-1.0,-1.0
34,2024-07-02 23:18:36,59.422,66.0102,34.6,-1.0,-2.0
33,2024-07-02 23:30:49,58.843,65.8002,33.8,-1.0,-1.0
32,2024-07-02 23:35:30,58.224,65.5768,32.8,-1.0,-1.0
31,2024-07-02 23:43:27,57.414,65.2742,31.8,-1.0,-1.0
31,2024-07-02 23:44:18,57.28,65.2234,31.4,-1.0,-1.0
30,2024-07-02 23:48:57,56.681,64.9936,30.8,-1.0,-1.0
30,2024-07-02 23:49:31,56.584,64.9556,30.6,-1.0,-1.0
29,2024-07-03 00:09:09,55.46,64.509,29.8,-1.0,-1.0
29,2024-07-03 00:09:43,55.398,64.4836,29.6,-1.0,-2.0
99,2024-07-03 02:38:03,54.589,64.0798,87.6,-1.0,-1.0
98,2024-07-03 08:54:39,56.442,64.155,98.8,-1.0,-1.0
97,2024-07-03 09:17:38,58.559,64.2458,97.8,-1.0,-1.0
96,2024-07-03 09:21:12,59.188,64.2758,96.8,-1.0,-1.0
95,2024-07-03 09:34:56,61.288,64.3724,95.8,-1.0,-1.0
94,2024-07-03 09:44:50,63.147,64.4614,94.8,-1.0,-1.0
93,2024-07-03 10:07:38,63.598,64.6416,93.8,-1.0,-1.0
92,2024-07-03 10:20:17,64.026,64.8024,92.8,-1.0,-1.0
